article_id,title,author,year,issue,volume,pdf_url
15629,重组人促红细胞生成素对兔心肌缺血再灌注损伤的保护作用及其机制研究,"庞英, 梁明亭, 马建群, 杨永, 张静",2017,01,05,https://zhxzyxldzzz.cma-cmc.com.cn//CN/article/downloadArticleFile.do?attachType=PDF&id=15629
15630,心率减速力、体表心电图V1导联f波平均振幅及超敏C反应蛋白与心房颤动射频消融术后复发的相关性研究,"宋玮, 周发展, 闫文菊, 郭忠秀, 丰伟, 张焕轶",2017,01,05,https://zhxzyxldzzz.cma-cmc.com.cn//CN/article/downloadArticleFile.do?attachType=PDF&id=15630
15631,低分子肝素钠联合华法林及阿司匹林对风湿性心脏病左心房内血栓脱致脑栓塞的临床研究效果,"冷敦雁, 马吉红",2017,01,05,https://zhxzyxldzzz.cma-cmc.com.cn//CN/article/downloadArticleFile.do?attachType=PDF&id=15631
15632,三维标测减少房室结折返性心动过速射频消融术射线曝光时间研究,"王睿, 张楠, 王瑞华, 高佳, 赵志强, 贾永平, 孙萌",2017,01,05,https://zhxzyxldzzz.cma-cmc.com.cn//CN/article/downloadArticleFile.do?attachType=PDF&id=15632
15633,阵发性心房颤动患者射频消融术后稳心颗粒的应用价值,"张楠, 孙萌, 王睿",2017,01,05,https://zhxzyxldzzz.cma-cmc.com.cn//CN/article/downloadArticleFile.do?attachType=PDF&id=15633
15634,胺碘酮联合厄贝沙坦对心力衰竭合并心律失常的疗效及机制研究,"梁国钦, 廖华",2017,01,05,https://zhxzyxldzzz.cma-cmc.com.cn//CN/article/downloadArticleFile.do?attachType=PDF&id=15634
15635,心血管植入电子装置感染患者心理状况与生活质量的研究,"陈黎明, 刘晶, 吴建桐, 贾含, 赵东阳, 商璐, 姜琳, 李学斌",2017,01,05,https://zhxzyxldzzz.cma-cmc.com.cn//CN/article/downloadArticleFile.do?attachType=PDF&id=15635
15636,354例急诊不典型心肌梗死患者快速识别方法和要点探讨,王东,2017,01,05,https://zhxzyxldzzz.cma-cmc.com.cn//CN/article/downloadArticleFile.do?attachType=PDF&id=15636
15637,平板运动试验假阳性的影响因素及临床价值,"王岚, 郭丹杰, 牛亚芊芊, 薛琳, 张天宏, 韩春颖",2017,01,05,https://zhxzyxldzzz.cma-cmc.com.cn//CN/article/downloadArticleFile.do?attachType=PDF&id=15637
15638,踝臂指数与冠心病患者冠状动脉病变的相关性研究,"茶春喜, 罗仁, 杜晓强, 陈劢, 姚建平, 艾克拜尔",2017,01,05,https://zhxzyxldzzz.cma-cmc.com.cn//CN/article/downloadArticleFile.do?attachType=PDF&id=15638
15639,系统性红斑狼疮患者心脏病变临床分析,邓金刚,2017,01,05,https://zhxzyxldzzz.cma-cmc.com.cn//CN/article/downloadArticleFile.do?attachType=PDF&id=15639
15640,胺碘酮治疗充血性心力衰竭合并心房颤动的临床疗效,"胡华元, 刘建修, 廖远雄",2017,01,05,https://zhxzyxldzzz.cma-cmc.com.cn//CN/article/downloadArticleFile.do?attachType=PDF&id=15640
15641,波生坦预防大鼠颈动脉再狭窄与血清血管内皮生长因子相关性研究,"张彦红, 吴桂平, 付鑫, 李颖, 曲晓婷, 王涤非",2017,01,05,https://zhxzyxldzzz.cma-cmc.com.cn//CN/article/downloadArticleFile.do?attachType=PDF&id=15641
15642,丹红注射液联合多巴酚丁胺治疗慢性肺源性心脏病合并心力衰竭的临床研究,"王永, 范远威, 曹文侠",2017,01,05,https://zhxzyxldzzz.cma-cmc.com.cn//CN/article/downloadArticleFile.do?attachType=PDF&id=15642
15643,治疗心力衰竭药物研究进展,李媛,2017,01,05,https://zhxzyxldzzz.cma-cmc.com.cn//CN/article/downloadArticleFile.do?attachType=PDF&id=15643
15644,脂联素与慢性心力衰竭能量代谢的相关研究,"赵彦叶, 潘国忠, 张爱真",2017,01,05,https://zhxzyxldzzz.cma-cmc.com.cn//CN/article/downloadArticleFile.do?attachType=PDF&id=15644
15645,行射频消融术的心房颤动患者术中并发症发生的原因分析及护理对策,"郭宇红, 张卫",2017,01,05,https://zhxzyxldzzz.cma-cmc.com.cn//CN/article/downloadArticleFile.do?attachType=PDF&id=15645
15646,法洛氏四联症伴心房扑动1例,耿学军,2017,01,05,https://zhxzyxldzzz.cma-cmc.com.cn//CN/article/downloadArticleFile.do?attachType=PDF&id=15646
15647,酷似DDD型起搏器心室低感知1例,耿学军,2017,01,05,https://zhxzyxldzzz.cma-cmc.com.cn//CN/article/downloadArticleFile.do?attachType=PDF&id=15647
15648,心包压塞的超声心动图表现,齐欣,2017,03,05,https://zhxzyxldzzz.cma-cmc.com.cn//CN/article/downloadArticleFile.do?attachType=PDF&id=15648
15649,心脏彩色多普勒超声用于高血压左室肥厚伴左心衰竭患者诊断意义分析,张程,2017,03,05,https://zhxzyxldzzz.cma-cmc.com.cn//CN/article/downloadArticleFile.do?attachType=PDF&id=15649
15650,补肾活血针法联合太极拳运动对冠心病稳定性心绞痛患者症状及生命质量的影响,李世鹏,2017,03,05,https://zhxzyxldzzz.cma-cmc.com.cn//CN/article/downloadArticleFile.do?attachType=PDF&id=15650
15651,房颤双极射频消融术联合人工瓣膜置换术对重症心脏瓣膜病患者术后窦性心律即刻恢复率及心功能的影响,"王森, 邓慧兰",2017,03,05,https://zhxzyxldzzz.cma-cmc.com.cn//CN/article/downloadArticleFile.do?attachType=PDF&id=15651
15652,雷莫司琼与昂丹司琼预防成人术后恶心呕吐的Meta分析,"张忠华, 张光涛, 李蕴潜",2017,03,05,https://zhxzyxldzzz.cma-cmc.com.cn//CN/article/downloadArticleFile.do?attachType=PDF&id=15652
15653,冠心病患者血浆NT-proBNP和GHbA1c水平与冠状动脉病变程度的相关性,李想,2017,03,05,https://zhxzyxldzzz.cma-cmc.com.cn//CN/article/downloadArticleFile.do?attachType=PDF&id=15653
15654,经桡动脉与股动脉冠状动脉介入治疗高龄急性冠脉综合征的疗效及安全性比较,"闫辉, 赵仲喻, 王江涛, 王学义, 孙月",2017,03,05,https://zhxzyxldzzz.cma-cmc.com.cn//CN/article/downloadArticleFile.do?attachType=PDF&id=15654
15655,银杏叶片联合索他洛尔治疗心律失常患者疗效及对心功能、心室肌稳定性和血CRP、VIP、AngⅡ水平的影响,"侯亚敏, 孙成磊, 程国良, 刘新灵, 李新华",2017,03,05,https://zhxzyxldzzz.cma-cmc.com.cn//CN/article/downloadArticleFile.do?attachType=PDF&id=15655
15656,超声联合心电图对高血压性心脏病的诊断价值,"张金铭, 邓彩梅, 李安朴",2017,03,05,https://zhxzyxldzzz.cma-cmc.com.cn//CN/article/downloadArticleFile.do?attachType=PDF&id=15656
15657,血清胱抑素C检测在120例慢性心衰患者中的价值分析,"管喜峰, 姜永杰",2017,03,05,https://zhxzyxldzzz.cma-cmc.com.cn//CN/article/downloadArticleFile.do?attachType=PDF&id=15657
15658,老年餐后低血压患者与轻度认知功能障碍的关系探讨,"姜娟, 魏雅楠, 邓利华, 陈源源, 宝辉, 刘杰, 王晶桐",2017,03,05,https://zhxzyxldzzz.cma-cmc.com.cn//CN/article/downloadArticleFile.do?attachType=PDF&id=15658
15659,心电图碎裂QRS波与急性心梗患者室性心律失常及左心室收缩功能的相关性,张婕,2017,03,05,https://zhxzyxldzzz.cma-cmc.com.cn//CN/article/downloadArticleFile.do?attachType=PDF&id=15659
15660,替格瑞洛治疗急性冠脉综合征的临床应用进展,"梁进杰, 陈协辉",2017,03,05,https://zhxzyxldzzz.cma-cmc.com.cn//CN/article/downloadArticleFile.do?attachType=PDF&id=15660
15661,H型高血压的研究进展,李想,2017,03,05,https://zhxzyxldzzz.cma-cmc.com.cn//CN/article/downloadArticleFile.do?attachType=PDF&id=15661
15662,缺血性心肌病心室肌细胞电重构的研究现状,"李小龙, 万征",2017,03,05,https://zhxzyxldzzz.cma-cmc.com.cn//CN/article/downloadArticleFile.do?attachType=PDF&id=15662
15663,希望护理模式对老年冠心病患者心理状态及治疗依从性的影响,"孙玉珍, 徐世玉, 隋悦玲",2017,03,05,https://zhxzyxldzzz.cma-cmc.com.cn//CN/article/downloadArticleFile.do?attachType=PDF&id=15663
15664,急性心力衰竭应用临床护理路径的效果分析,马艳,2017,03,05,https://zhxzyxldzzz.cma-cmc.com.cn//CN/article/downloadArticleFile.do?attachType=PDF&id=15664
15665,一度合并二度Ⅰ型房室传导阻滞伴跨越传导1例,"高德奎, 熊涛, 高育红",2017,03,05,https://zhxzyxldzzz.cma-cmc.com.cn//CN/article/downloadArticleFile.do?attachType=PDF&id=15665
15666,介入治疗联合综合康复训练对于改善冠心病患者治疗后运动耐量和临床预后的影响,宋仁义,2017,04,05,https://zhxzyxldzzz.cma-cmc.com.cn//CN/article/downloadArticleFile.do?attachType=PDF&id=15666
15667,脑卒中急性期患者QT间期离散度变化与室性心律失常的关系,"张树忠, 王晓红",2017,04,05,https://zhxzyxldzzz.cma-cmc.com.cn//CN/article/downloadArticleFile.do?attachType=PDF&id=15667
15668,青年高血压患者脉搏波传导速度与心血管危险因素的研究,"张亚艳, 王居新, 李婷",2017,04,05,https://zhxzyxldzzz.cma-cmc.com.cn//CN/article/downloadArticleFile.do?attachType=PDF&id=15668
15669,马来酸依那普利叶酸片治疗老年慢性心力衰竭对患者NT－pro BNP及Hcy水平影响分析,李秀娟,2017,04,05,https://zhxzyxldzzz.cma-cmc.com.cn//CN/article/downloadArticleFile.do?attachType=PDF&id=15669
15670,老年慢性心力衰竭患者抗心力衰竭治疗后血浆脑利钠肽水平分布及影响因素分析,"王正华, 田丹丹, 石颖",2017,04,05,https://zhxzyxldzzz.cma-cmc.com.cn//CN/article/downloadArticleFile.do?attachType=PDF&id=15670
15671,吡格雷联合阿司匹林用于急性心肌梗死的临床疗效,胡英锋,2017,04,05,https://zhxzyxldzzz.cma-cmc.com.cn//CN/article/downloadArticleFile.do?attachType=PDF&id=15671
15672,高血压治疗与缺血性脑卒中严重程度相关性分析,"张培, 袁新江",2017,04,05,https://zhxzyxldzzz.cma-cmc.com.cn//CN/article/downloadArticleFile.do?attachType=PDF&id=15672
15673,多层螺旋CT冠状动脉造影在冠状动脉狭窄及其心肌功能的研究,单海滨,2017,04,05,https://zhxzyxldzzz.cma-cmc.com.cn//CN/article/downloadArticleFile.do?attachType=PDF&id=15673
15674,小剂量胺碘酮维持治疗小儿心律失常的疗效及对甲状腺激素水平的影响,林晓燕,2017,04,05,https://zhxzyxldzzz.cma-cmc.com.cn//CN/article/downloadArticleFile.do?attachType=PDF&id=15674
15675,急诊患者心房颤动的类型、危险因素及可能机制分析,"郝建光, 刘元生",2017,04,05,https://zhxzyxldzzz.cma-cmc.com.cn//CN/article/downloadArticleFile.do?attachType=PDF&id=15675
15676,冠脉慢血流现象相关预测因素的研究,"薛宇龙, 李学文",2017,04,05,https://zhxzyxldzzz.cma-cmc.com.cn//CN/article/downloadArticleFile.do?attachType=PDF&id=15676
15677,老年心衰患者衰弱的危险因素分析,"全馨雪, 谢志泉",2017,04,05,https://zhxzyxldzzz.cma-cmc.com.cn//CN/article/downloadArticleFile.do?attachType=PDF&id=15677
15678,动态心电图在180例老年心律失常诊断中的应用,"管喜峰, 姜永杰",2017,04,05,https://zhxzyxldzzz.cma-cmc.com.cn//CN/article/downloadArticleFile.do?attachType=PDF&id=15678
15679,妊娠合并心脏病患者剖宫产术的麻醉效果观察,崔浩然,2017,04,05,https://zhxzyxldzzz.cma-cmc.com.cn//CN/article/downloadArticleFile.do?attachType=PDF&id=15679
15680,曲美他嗪治疗冠心病的临床疗效观察及对心功能的影响,"赵岩, 范小莉",2017,04,05,https://zhxzyxldzzz.cma-cmc.com.cn//CN/article/downloadArticleFile.do?attachType=PDF&id=15680
15681,妊娠急性心肌梗死的处理策略,"赵静雯, 张龑, 张永珍",2017,04,05,https://zhxzyxldzzz.cma-cmc.com.cn//CN/article/downloadArticleFile.do?attachType=PDF&id=15681
15682,心房肌T型管在心房颤动发生机制中的作用,"程呈, 刘元生",2017,04,05,https://zhxzyxldzzz.cma-cmc.com.cn//CN/article/downloadArticleFile.do?attachType=PDF&id=15682
15683,舒适护理用于老年慢性心力衰竭患者临床护理中的作用探讨,杨学凤,2017,04,05,https://zhxzyxldzzz.cma-cmc.com.cn//CN/article/downloadArticleFile.do?attachType=PDF&id=15683
15684,急性心肌梗死患者中全程优质护理的实施,马艳,2017,04,05,https://zhxzyxldzzz.cma-cmc.com.cn//CN/article/downloadArticleFile.do?attachType=PDF&id=15684
15685,新型三维标测技术Ripple Mapping治疗心房扑动伴心房颤动1例,"潘非非, 张楠, 曲丽娟, 韩涌, 王睿",2017,04,05,https://zhxzyxldzzz.cma-cmc.com.cn//CN/article/downloadArticleFile.do?attachType=PDF&id=15685
15686,射频消融治疗不适当窦性心动过速1例,"焦丽琴, 王睿",2017,04,05,https://zhxzyxldzzz.cma-cmc.com.cn//CN/article/downloadArticleFile.do?attachType=PDF&id=15686
15687,冠心病心绞痛患者冠脉介入治疗前后生存质量及其相关因素分析,"王东方, 孙百峰, 刘智慧, 徐艳慧, 王宇楠",2018,01,06,https://zhxzyxldzzz.cma-cmc.com.cn//CN/article/downloadArticleFile.do?attachType=PDF&id=15687
15688,经桡动脉介入治疗冠状动脉慢性完全闭塞病变效果观察,刘士超,2018,01,06,https://zhxzyxldzzz.cma-cmc.com.cn//CN/article/downloadArticleFile.do?attachType=PDF&id=15688
15689,参麦注射液联合贝那普利治疗慢性阻塞性肺疾病合并慢性肺源性心脏病临床效果研究,"田二虎, 程江涛",2018,01,06,https://zhxzyxldzzz.cma-cmc.com.cn//CN/article/downloadArticleFile.do?attachType=PDF&id=15689
15690,老年危重症患者心力衰竭特征及其危险因素分析,"丁伟超, 许铁, 燕宪亮, 叶英, 吕建农",2018,01,06,https://zhxzyxldzzz.cma-cmc.com.cn//CN/article/downloadArticleFile.do?attachType=PDF&id=15690
15691,胺碘酮联合酒石酸美托洛尔治疗急性心肌梗死并发快速心律失常临床研究,"况成英, 张霞",2018,01,06,https://zhxzyxldzzz.cma-cmc.com.cn//CN/article/downloadArticleFile.do?attachType=PDF&id=15691
15692,胸痛中心建设对急性ST段抬高型心肌梗死患者PPCI介入治疗预后的影响,"崔花花, 潘三葱",2018,01,06,https://zhxzyxldzzz.cma-cmc.com.cn//CN/article/downloadArticleFile.do?attachType=PDF&id=15692
15693,CT冠脉血管成像在冠心病心绞痛临床诊断中的应用观察,朱坤涛,2018,01,06,https://zhxzyxldzzz.cma-cmc.com.cn//CN/article/downloadArticleFile.do?attachType=PDF&id=15693
15694,胺碘酮联合酒石酸美托洛尔治疗急性心肌梗死并发快速心律失常的效果分析,"李瑞民, 王霞",2018,01,06,https://zhxzyxldzzz.cma-cmc.com.cn//CN/article/downloadArticleFile.do?attachType=PDF&id=15694
15695,妊娠合并心脏病患者分娩方式及其对新生儿预后的影响,万玉芳,2018,01,06,https://zhxzyxldzzz.cma-cmc.com.cn//CN/article/downloadArticleFile.do?attachType=PDF&id=15695
15696,七氟醚复合麻醉对纯二尖瓣病变患者术后认知功能及神经功能的影响,王庆国,2018,01,06,https://zhxzyxldzzz.cma-cmc.com.cn//CN/article/downloadArticleFile.do?attachType=PDF&id=15696
15697,64－MSCT联合DCG对冠心病的诊断价值,"孙乔, 孙善见, 孙凤香",2018,01,06,https://zhxzyxldzzz.cma-cmc.com.cn//CN/article/downloadArticleFile.do?attachType=PDF&id=15697
15698,注射用丹参多酚酸盐联合替格瑞洛治疗不稳定型心绞痛的效果观察,冯永利,2018,01,06,https://zhxzyxldzzz.cma-cmc.com.cn//CN/article/downloadArticleFile.do?attachType=PDF&id=15698
15699,早期肠内营养支持对高龄重症心脏瓣膜病患者术后康复的影响,"陈岳威, 付兵, 曹怡",2018,01,06,https://zhxzyxldzzz.cma-cmc.com.cn//CN/article/downloadArticleFile.do?attachType=PDF&id=15699
15700,CCTA联合4D－STE对冠状动脉粥样硬化患者MACE的预测价值,"李良, 孙全伟, 孙悦",2018,01,06,https://zhxzyxldzzz.cma-cmc.com.cn//CN/article/downloadArticleFile.do?attachType=PDF&id=15700
15701,心电向量图对陈旧性下壁心肌梗死的诊断价值,"陈琛, 李卫东, 潘道林, 温晓, 阿依加玛丽",2018,01,06,https://zhxzyxldzzz.cma-cmc.com.cn//CN/article/downloadArticleFile.do?attachType=PDF&id=15701
15702,去乙酰毛花苷注射液联合酒石酸美托洛尔治疗急性左心衰伴快速心室率心房颤动患者的效果分析,"贾鹏远, 张亮",2018,01,06,https://zhxzyxldzzz.cma-cmc.com.cn//CN/article/downloadArticleFile.do?attachType=PDF&id=15702
15703,同期手术在冠心病并颈动脉狭窄治疗中的应用效果,孔德生,2018,01,06,https://zhxzyxldzzz.cma-cmc.com.cn//CN/article/downloadArticleFile.do?attachType=PDF&id=15703
15704,比索洛尔联合低分子肝素治疗不稳定型心绞痛的效果分析,"罗远林, 徐燕梅, 李林玲, 杨锦龙",2018,01,06,https://zhxzyxldzzz.cma-cmc.com.cn//CN/article/downloadArticleFile.do?attachType=PDF&id=15704
15705,动态心电图与彩超诊断心律失常和心肌缺血的价值比较,陈继生,2018,01,06,https://zhxzyxldzzz.cma-cmc.com.cn//CN/article/downloadArticleFile.do?attachType=PDF&id=15705
15706,分级匹配＋动态阶梯递增运动康复护理在慢性心力衰竭患者中的应用观察,"杨丽萍, 严俊, 赵晓霞, 龚素梅, 张乐, 刘陇萍",2018,01,06,https://zhxzyxldzzz.cma-cmc.com.cn//CN/article/downloadArticleFile.do?attachType=PDF&id=15706
15707,大株红景天注射液对不稳定型心绞痛的疗效及对血小板功能的影响,"李建丽, 程江涛",2018,02,06,https://zhxzyxldzzz.cma-cmc.com.cn//CN/article/downloadArticleFile.do?attachType=PDF&id=15707
15708,冠心病患者血清补体C3、C4及HDL－C水平分析,"栗程, 刘丹",2018,02,06,https://zhxzyxldzzz.cma-cmc.com.cn//CN/article/downloadArticleFile.do?attachType=PDF&id=15708
15709,通心络胶囊辅助治疗慢性肺源性心脏病临床效果观察,"田二虎, 程江涛",2018,02,06,https://zhxzyxldzzz.cma-cmc.com.cn//CN/article/downloadArticleFile.do?attachType=PDF&id=15709
15710,参附益心颗粒治疗慢性充血性心力衰竭合并肺动脉高压的效果观察,程江涛,2018,02,06,https://zhxzyxldzzz.cma-cmc.com.cn//CN/article/downloadArticleFile.do?attachType=PDF&id=15710
15711,血管内超声在慢性完全闭塞性冠状动脉病变介入治疗中的应用效果,"刘士超, 简立国",2018,02,06,https://zhxzyxldzzz.cma-cmc.com.cn//CN/article/downloadArticleFile.do?attachType=PDF&id=15711
15712,DCG联合TET检查在早期复极综合征合并冠心病诊断中的应用,"孔敬博, 耿青, 张玉强",2018,02,06,https://zhxzyxldzzz.cma-cmc.com.cn//CN/article/downloadArticleFile.do?attachType=PDF&id=15712
15713,CTCA联合CT首过心肌灌注成像检查在无症状性心肌缺血诊断中的应用效果,"孙乔, 黄竹",2018,02,06,https://zhxzyxldzzz.cma-cmc.com.cn//CN/article/downloadArticleFile.do?attachType=PDF&id=15713
15714,索他洛尔联合胺碘酮对心律失常的疗效观察,"王学栋, 杨炜炜",2018,02,06,https://zhxzyxldzzz.cma-cmc.com.cn//CN/article/downloadArticleFile.do?attachType=PDF&id=15714
15715,急性颅脑损伤患者心电图异常情况分析,"袁永杰, 杨浩, 许安定",2018,02,06,https://zhxzyxldzzz.cma-cmc.com.cn//CN/article/downloadArticleFile.do?attachType=PDF&id=15715
15716,SCS评分在急诊高血压脑出血患者预后预测中的应用价值,"车鹏, 汤道雄, 黄可",2018,02,06,https://zhxzyxldzzz.cma-cmc.com.cn//CN/article/downloadArticleFile.do?attachType=PDF&id=15716
15717,左卡尼汀联合卡托普利对扩张型心肌病合并心力衰竭的疗效观察,"贾鹏远, 张亮",2018,02,06,https://zhxzyxldzzz.cma-cmc.com.cn//CN/article/downloadArticleFile.do?attachType=PDF&id=15717
15718,小剂量螺内酯辅助治疗高龄冠心病合并慢性心力衰竭临床疗效观察,胡大山,2018,02,06,https://zhxzyxldzzz.cma-cmc.com.cn//CN/article/downloadArticleFile.do?attachType=PDF&id=15718
15719,CCTA联合DCG在冠心病心肌缺血诊断中的应用价值,"李良, 孙悦, 孙全伟",2018,02,06,https://zhxzyxldzzz.cma-cmc.com.cn//CN/article/downloadArticleFile.do?attachType=PDF&id=15719
15720,维拉帕米联合去乙酰毛花苷注射液治疗冠心病快速房颤合并急性心力衰竭效果观察,况成英,2018,02,06,https://zhxzyxldzzz.cma-cmc.com.cn//CN/article/downloadArticleFile.do?attachType=PDF&id=15720
15721,美托洛尔联合曲美他嗪治疗冠心病心力衰竭的临床效果研究,赵金营,2018,02,06,https://zhxzyxldzzz.cma-cmc.com.cn//CN/article/downloadArticleFile.do?attachType=PDF&id=15721
15722,比索洛尔联合苯那普利对脑出血后室性心律失常的疗效观察,"杨炜炜, 王学栋",2018,02,06,https://zhxzyxldzzz.cma-cmc.com.cn//CN/article/downloadArticleFile.do?attachType=PDF&id=15722
15723,围手术期心理护理干预对主动脉夹层患者不良情绪和治疗依从性的影响,"崔梅英, 周红艳, 孙静岚",2018,02,06,https://zhxzyxldzzz.cma-cmc.com.cn//CN/article/downloadArticleFile.do?attachType=PDF&id=15723
15724,舒适护理干预对心脏瓣膜置换患者负性情绪和舒适度的影响,"贺燕红, 曾仙梅, 王娟, 段明君, 夏超群",2018,02,06,https://zhxzyxldzzz.cma-cmc.com.cn//CN/article/downloadArticleFile.do?attachType=PDF&id=15724
15725,整体护理对肺结核合并心力衰竭患者的干预效果,秦香,2018,02,06,https://zhxzyxldzzz.cma-cmc.com.cn//CN/article/downloadArticleFile.do?attachType=PDF&id=15725
15726,心理护理干预对心脏瓣膜置换患者负性情绪和生活质量的影响,"刘丽, 柯雪, 王娟, 殷峻, 杨秋亚",2018,02,06,https://zhxzyxldzzz.cma-cmc.com.cn//CN/article/downloadArticleFile.do?attachType=PDF&id=15726
15727,急性高原低氧对于大鼠心功能及其心肌组织miR－144表达影响的研究,"冯振龙, 施冰, 赵永岐, 朱玲玲, 李俊峡",2018,03,06,https://zhxzyxldzzz.cma-cmc.com.cn//CN/article/downloadArticleFile.do?attachType=PDF&id=15727
15728,肾动脉支架置入术对老年肾动脉粥样硬化性高血压的长期影响及临床相关因素,贾云明,2018,03,06,https://zhxzyxldzzz.cma-cmc.com.cn//CN/article/downloadArticleFile.do?attachType=PDF&id=15728
15729,动态心电图在冠心病心律失常诊断中的应用观察,"段海燕, 宋明进",2018,03,06,https://zhxzyxldzzz.cma-cmc.com.cn//CN/article/downloadArticleFile.do?attachType=PDF&id=15729
15730,婴幼儿原发性心脏肿瘤超声心动图诊断分析,"乔一丹, 康瑾",2018,03,06,https://zhxzyxldzzz.cma-cmc.com.cn//CN/article/downloadArticleFile.do?attachType=PDF&id=15730
15731,11例儿童原发性心脏肿瘤临床病理分析,"陶菁, 何楠",2018,03,06,https://zhxzyxldzzz.cma-cmc.com.cn//CN/article/downloadArticleFile.do?attachType=PDF&id=15731
15732,妊娠合并心力衰竭孕妇分娩方式及妊娠结局分析,"代培芬, 王贻英",2018,03,06,https://zhxzyxldzzz.cma-cmc.com.cn//CN/article/downloadArticleFile.do?attachType=PDF&id=15732
15733,丹参酮ⅡA磺酸钠注射液联合艾司洛尔治疗不稳定型心绞痛的效果观察,"张志涛, 张蕾, 胡珂",2018,03,06,https://zhxzyxldzzz.cma-cmc.com.cn//CN/article/downloadArticleFile.do?attachType=PDF&id=15733
15734,不同剂量阿司匹林对冠心病患者血清C－反应蛋白水平的影响,"孙孚春, 宋颂, 龚伟玲, 李佳林",2018,03,06,https://zhxzyxldzzz.cma-cmc.com.cn//CN/article/downloadArticleFile.do?attachType=PDF&id=15734
15735,超声心动图在急诊PCI和延迟PCI近期疗效评价中的作用分析,李桂珍,2018,03,06,https://zhxzyxldzzz.cma-cmc.com.cn//CN/article/downloadArticleFile.do?attachType=PDF&id=15735
15736,不同麻醉方式在妊娠合并心衰患者剖宫产中的应用,李红刚,2018,03,06,https://zhxzyxldzzz.cma-cmc.com.cn//CN/article/downloadArticleFile.do?attachType=PDF&id=15736
15737,美托洛尔联合曲美他嗪对老年冠心病合并心力衰竭患者血清炎性因子水平和免疫功能的影响,"卢博, 胡建华",2018,03,06,https://zhxzyxldzzz.cma-cmc.com.cn//CN/article/downloadArticleFile.do?attachType=PDF&id=15737
15738,喉罩复合超快通道麻醉技术在先天性心脏病患儿介入治疗中的应用效果,"李晔, 朱二霞",2018,03,06,https://zhxzyxldzzz.cma-cmc.com.cn//CN/article/downloadArticleFile.do?attachType=PDF&id=15738
15739,养心生脉颗粒辅助治疗老年冠心病并发慢性心力衰竭效果观察,韩书锋,2018,03,06,https://zhxzyxldzzz.cma-cmc.com.cn//CN/article/downloadArticleFile.do?attachType=PDF&id=15739
15740,DSCTCA联合MPI在冠心病诊断中的应用价值,车春霞,2018,03,06,https://zhxzyxldzzz.cma-cmc.com.cn//CN/article/downloadArticleFile.do?attachType=PDF&id=15740
15741,曲美他嗪联合美托洛尔治疗老年冠心病合并慢性心力衰竭效果观察,师兵兵,2018,03,06,https://zhxzyxldzzz.cma-cmc.com.cn//CN/article/downloadArticleFile.do?attachType=PDF&id=15741
15742,全面护理干预在糖尿病合并心肌梗死护理中的应用效果,"徐秀梅, 柴三葆, 杨翠芳, 袁芳",2018,03,06,https://zhxzyxldzzz.cma-cmc.com.cn//CN/article/downloadArticleFile.do?attachType=PDF&id=15742
15743,整体全面护理干预在急性心肌梗死并发心源性休克患者中的应用,刘君,2018,03,06,https://zhxzyxldzzz.cma-cmc.com.cn//CN/article/downloadArticleFile.do?attachType=PDF&id=15743
15744,双心护理模式在冠心病合并室性心律失常患者中的应用观察,李国英,2018,03,06,https://zhxzyxldzzz.cma-cmc.com.cn//CN/article/downloadArticleFile.do?attachType=PDF&id=15744
15745,系统化健康教育在妊娠合并心脏病患者剖宫产围手术期的应用,李霞,2018,03,06,https://zhxzyxldzzz.cma-cmc.com.cn//CN/article/downloadArticleFile.do?attachType=PDF&id=15745
15746,心理疏导辅助护理对妊娠合并心律失常患者妊娠结局的影响,朱惠玲,2018,03,06,https://zhxzyxldzzz.cma-cmc.com.cn//CN/article/downloadArticleFile.do?attachType=PDF&id=15746
659,三心同治中西医同治医学模式及其临床推广策略,"聂伟, 刘冰, 谭毅, 张辉, 成青莲",2018,04,06,https://zhxzyxldzzz.cma-cmc.com.cn//CN/article/downloadArticleFile.do?attachType=PDF&id=659
660,急性高原低氧对于大鼠血红蛋白和血浆miR－144表达影响的研究,"冯振龙, 施冰, 赵永岐, 朱玲玲, 李俊峡",2018,04,06,https://zhxzyxldzzz.cma-cmc.com.cn//CN/article/downloadArticleFile.do?attachType=PDF&id=660
661,体外反搏技术在冠状动脉粥样硬化治疗中的应用效果,"郭淑亚, 杨平, 张辉",2018,04,06,https://zhxzyxldzzz.cma-cmc.com.cn//CN/article/downloadArticleFile.do?attachType=PDF&id=661
662,慢性心力衰竭患者心脏标志物水平及超声心动图特点,顾红莲,2018,04,06,https://zhxzyxldzzz.cma-cmc.com.cn//CN/article/downloadArticleFile.do?attachType=PDF&id=662
663,华法林抗凝治疗对慢性心力衰竭患者心功能及血NT－proBNP水平的影响,"刘泳江, 张金铭",2018,04,06,https://zhxzyxldzzz.cma-cmc.com.cn//CN/article/downloadArticleFile.do?attachType=PDF&id=663
664,两种麻醉方法在风湿性心脏病患者二尖瓣置换术中的应用比较,李群,2018,04,06,https://zhxzyxldzzz.cma-cmc.com.cn//CN/article/downloadArticleFile.do?attachType=PDF&id=664
665,参松养心胶囊联合美托洛尔治疗冠心病合并室性心律失常的效果观察,李静,2018,04,06,https://zhxzyxldzzz.cma-cmc.com.cn//CN/article/downloadArticleFile.do?attachType=PDF&id=665
666,肠溶阿司匹林致冠心病患者上消化道出血调查分析,"宋颂, 龚伟玲, 孙孚春, 周嫏嬛",2018,04,06,https://zhxzyxldzzz.cma-cmc.com.cn//CN/article/downloadArticleFile.do?attachType=PDF&id=666
667,正念冥想训练联合艾司唑仑在伴睡眠障碍的老年高血压患者中的应用观察,"田博, 韩海斌, 王婷婷",2018,04,06,https://zhxzyxldzzz.cma-cmc.com.cn//CN/article/downloadArticleFile.do?attachType=PDF&id=667
668,培哚普利联合美托洛尔治疗老年心力衰竭合并室性心律失常效果分析,李春华,2018,04,06,https://zhxzyxldzzz.cma-cmc.com.cn//CN/article/downloadArticleFile.do?attachType=PDF&id=668
669,喉罩复合超快通道麻醉技术在先天性心脏病患儿介入治疗中的应用效果,"李晔, 朱二霞",2018,04,06,https://zhxzyxldzzz.cma-cmc.com.cn//CN/article/downloadArticleFile.do?attachType=PDF&id=669
670,不同类型心肌病患者心脏超声特点差异性分析,原会娟,2018,04,06,https://zhxzyxldzzz.cma-cmc.com.cn//CN/article/downloadArticleFile.do?attachType=PDF&id=670
671,心率对64排螺旋CT冠状动脉成像质量的影响,"张超鑫, 钱伟军, 李立, 赵文, 房玉英, 郭蔚",2018,04,06,https://zhxzyxldzzz.cma-cmc.com.cn//CN/article/downloadArticleFile.do?attachType=PDF&id=671
672,多元化培训联合情境反思学习法在CCU护理工作人员心电监护心律失常识别能力培训中的应用,王继华,2018,04,06,https://zhxzyxldzzz.cma-cmc.com.cn//CN/article/downloadArticleFile.do?attachType=PDF&id=672
673,不同时期分阶段健康教育对心脏瓣膜置换术后患者治疗依从性的影响,"杜仕秀, 孙鲁芳",2018,04,06,https://zhxzyxldzzz.cma-cmc.com.cn//CN/article/downloadArticleFile.do?attachType=PDF&id=673
674,前瞻性护理干预在急性ST段抬高型心肌梗死患者中的应用效果,"王晓敏, 逄增艳",2018,04,06,https://zhxzyxldzzz.cma-cmc.com.cn//CN/article/downloadArticleFile.do?attachType=PDF&id=674
675,人性化护理干预对老年冠心病并慢性心力衰竭患者生活质量和负性情绪的影响,袁晓丽,2018,04,06,https://zhxzyxldzzz.cma-cmc.com.cn//CN/article/downloadArticleFile.do?attachType=PDF&id=675
676,整体护理干预在妊娠合并心力衰竭患者剖宫产围手术期的应用,张建英,2018,04,06,https://zhxzyxldzzz.cma-cmc.com.cn//CN/article/downloadArticleFile.do?attachType=PDF&id=676
677,综合护理干预对老年慢性心力衰竭患者负性情绪和生活质量影响,"杨静, 沈鸿梅, 罗静",2018,04,06,https://zhxzyxldzzz.cma-cmc.com.cn//CN/article/downloadArticleFile.do?attachType=PDF&id=677
23882,勤奋结硕果 创新无止境,"张澍, 陈明龙",2022,01,10,https://zhxzyxldzzz.cma-cmc.com.cn//CN/article/downloadArticleFile.do?attachType=PDF&id=23882
23883,高分辨弥散加权成像在心房颤动导管消融围术期无症状脑栓塞发生的评估价值,"王学成, 陈子俊, 俞娅娅, 范丰华, 谢欣, 吴奕章, 程典, 周建, 余金波, 李小荣, 杨兵, 陈明龙",2022,01,10,https://zhxzyxldzzz.cma-cmc.com.cn//CN/article/downloadArticleFile.do?attachType=PDF&id=23883
23884,心腔内超声在心律失常射频消融术中的应用,"薛枫, 孙云娟, 凌琳, 张方芳, 朱莎莎, 郭潇, 王树环, 刘明, 惠杰, 蒋廷波",2022,01,10,https://zhxzyxldzzz.cma-cmc.com.cn//CN/article/downloadArticleFile.do?attachType=PDF&id=23884
23885,磁导航系统在心房颤动导管消融中的应用研究,"李库林, 郑杰, 刘晓宇, 郁志明, 张常莹, 赵晓溪, 李晓燕, 李嘉萍, 王如兴",2022,01,10,https://zhxzyxldzzz.cma-cmc.com.cn//CN/article/downloadArticleFile.do?attachType=PDF&id=23885
23886,心脏增强CT评估左心耳封堵术后装置内皮化的研究,"赵铭哲, 莫斌峰, 孙健, 张澎湃, 李威, 张睿, 陈牧, 池润民, 王群山, 李毅刚",2022,01,10,https://zhxzyxldzzz.cma-cmc.com.cn//CN/article/downloadArticleFile.do?attachType=PDF&id=23886
23887,经导管卵圆孔未闭介入封堵术预防卒中的研究进展,"娄宇轩, 孙伟, 孔祥清",2022,01,10,https://zhxzyxldzzz.cma-cmc.com.cn//CN/article/downloadArticleFile.do?attachType=PDF&id=23887
23888,脉冲电场消融治疗心房颤动,唐闽,2022,01,10,https://zhxzyxldzzz.cma-cmc.com.cn//CN/article/downloadArticleFile.do?attachType=PDF&id=23888
23889,缺血性卒中与心房颤动,"苑媛, 刘兵",2022,01,10,https://zhxzyxldzzz.cma-cmc.com.cn//CN/article/downloadArticleFile.do?attachType=PDF&id=23889
23890,亚洲城市与农村心房颤动人群筛查与管理现状,"沈尤美, 郦明芳, 陈明龙",2022,01,10,https://zhxzyxldzzz.cma-cmc.com.cn//CN/article/downloadArticleFile.do?attachType=PDF&id=23890
23891,间隔附近起源心动过速鉴别诊断一例,"熊楠青, 顾文韬, 孙育民",2022,01,10,https://zhxzyxldzzz.cma-cmc.com.cn//CN/article/downloadArticleFile.do?attachType=PDF&id=23891
23892,起源于左下肺静脉和左心耳之间异位引流口的房性心动过速一例,"孙星星, 颜清, 居维竹, 刘海雷, 陈红武, 陈明龙",2022,01,10,https://zhxzyxldzzz.cma-cmc.com.cn//CN/article/downloadArticleFile.do?attachType=PDF&id=23892
23535,左心室假腱索起源室性心动过速一例,"居维竹, 陈明龙",2022,01,10,https://zhxzyxldzzz.cma-cmc.com.cn//CN/article/downloadArticleFile.do?attachType=PDF&id=23535
23893,心律失常诊治进展2021大盘点,"杜先锋, 储慧民",2022,01,10,https://zhxzyxldzzz.cma-cmc.com.cn//CN/article/downloadArticleFile.do?attachType=PDF&id=23893
25530,简化式左心耳封堵术临床路径中国专家共识（2022）,中国医师协会心血管内科医师分会结构性心脏病专业委员会,2022,02,10,https://zhxzyxldzzz.cma-cmc.com.cn//CN/article/downloadArticleFile.do?attachType=PDF&id=25530
25531,大道至简——简化式左心耳封堵术式专家共识的发布,"周达新, 葛均波",2022,02,10,https://zhxzyxldzzz.cma-cmc.com.cn//CN/article/downloadArticleFile.do?attachType=PDF&id=25531
25532,神经系统症状为主的房间隔缺损患者的特征及疗效分析,"娄宇轩, 华杨, 杨丰泽, 史倞, 孙伟, 孔祥清",2022,02,10,https://zhxzyxldzzz.cma-cmc.com.cn//CN/article/downloadArticleFile.do?attachType=PDF&id=25532
25533,老年房间隔缺损介入封堵的单中心疗效分析,"沈卉, 孙劲禹, 钟旻珊, 史倞, 孙伟",2022,02,10,https://zhxzyxldzzz.cma-cmc.com.cn//CN/article/downloadArticleFile.do?attachType=PDF&id=25533
25534,一站式房间隔缺损封堵及心房颤动射频消融一例,"张洁, 靳雅琼, 王梦肖, 高学英, 鲁静朝",2022,02,10,https://zhxzyxldzzz.cma-cmc.com.cn//CN/article/downloadArticleFile.do?attachType=PDF&id=25534
25535,无导线起搏器植入术后股静脉血栓的发生及其临床特征,"陈学颖, 汪菁峰, 梁义秀, 柏瑾, 王蔚, 秦胜梅, 张磊, 李明辉, 陈佳慧, 宿燕岗",2022,02,10,https://zhxzyxldzzz.cma-cmc.com.cn//CN/article/downloadArticleFile.do?attachType=PDF&id=25535
25536,无导线起搏器单中心植入及中长期随访分析,"何浪, 曾光, 邹卓艺, 李世强, 王审, 许峥贵",2022,02,10,https://zhxzyxldzzz.cma-cmc.com.cn//CN/article/downloadArticleFile.do?attachType=PDF&id=25536
25537,无导线起搏器的应用和研究进展,"戚莹波, 郁一波, 储慧民",2022,02,10,https://zhxzyxldzzz.cma-cmc.com.cn//CN/article/downloadArticleFile.do?attachType=PDF&id=25537
25538,心血管植入型电子器械手术伴心理疾病的现状及诊治,"毛家亮, 孙建英, 李若谷, 周红梅, 幺天宝, 聂鹏, 卜军, 姜萌",2022,02,10,https://zhxzyxldzzz.cma-cmc.com.cn//CN/article/downloadArticleFile.do?attachType=PDF&id=25538
25539,经导管主动脉瓣置换术后冠状动脉阻塞研究进展,"戴晗怡, 朱齐丰, 刘先宝, 王建安",2022,02,10,https://zhxzyxldzzz.cma-cmc.com.cn//CN/article/downloadArticleFile.do?attachType=PDF&id=25539
25540,多系统平滑肌功能障碍综合征合并窗型动脉导管未闭手术治疗一例,"郁夏风, 孙彦隽, 刘旭, 刘一为, 张浩",2022,02,10,https://zhxzyxldzzz.cma-cmc.com.cn//CN/article/downloadArticleFile.do?attachType=PDF&id=25540
25030,心腔内超声指引下房间隔缺损介入封堵视频,"史倞, 张浩, 邹花一阳, 孙伟",2022,02,10,https://zhxzyxldzzz.cma-cmc.com.cn//CN/article/downloadArticleFile.do?attachType=PDF&id=25030
25031,无导线起搏器植入操作视频,"李若谷, 张魏巍",2022,02,10,https://zhxzyxldzzz.cma-cmc.com.cn//CN/article/downloadArticleFile.do?attachType=PDF&id=25031
25541,全皮下心律转复除颤器与其他心脏植入性电子装置共存的管理现状和进展,顾凯,2022,02,10,https://zhxzyxldzzz.cma-cmc.com.cn//CN/article/downloadArticleFile.do?attachType=PDF&id=25541
26261,心肌收缩力调节器的最佳适应证人群选择,"汤宝鹏, 董震宇",2022,03,10,https://zhxzyxldzzz.cma-cmc.com.cn//CN/article/downloadArticleFile.do?attachType=PDF&id=26261
26262,符合ABC管理路径对中国急诊心房颤动患者预后的影响,"姜莉, 王娟, 杨艳敏, 朱俊, 张晗, 邵兴慧",2022,03,10,https://zhxzyxldzzz.cma-cmc.com.cn//CN/article/downloadArticleFile.do?attachType=PDF&id=26262
26263,单中心心脏再同步治疗相关并发症分析,"秦付超, 周贤惠, 邢强, 李耀东, 张疆华, 芦颜美, 祖克拉·吐尔洪, 杨徐, 汤宝鹏",2022,03,10,https://zhxzyxldzzz.cma-cmc.com.cn//CN/article/downloadArticleFile.do?attachType=PDF&id=26263
26264,心力衰竭室性心律失常与心脏性猝死的研究及治疗进展,"林志彬, 邓运生, 杨京山, 曾庆春",2022,03,10,https://zhxzyxldzzz.cma-cmc.com.cn//CN/article/downloadArticleFile.do?attachType=PDF&id=26264
26265,钠-葡萄糖协同转运蛋白2抑制剂恩格列净的心力衰竭相关研究进展,"吴颖, 郦明芳",2022,03,10,https://zhxzyxldzzz.cma-cmc.com.cn//CN/article/downloadArticleFile.do?attachType=PDF&id=26265
26266,钙化性主动脉瓣狭窄患者的心力衰竭治疗,"曾庆春, 许顶立",2022,03,10,https://zhxzyxldzzz.cma-cmc.com.cn//CN/article/downloadArticleFile.do?attachType=PDF&id=26266
26267,二尖瓣机械瓣置换术后凝血酶原时间-国际标准化比值检测频率与长期预后间关系的研究,"耿乐, 郦明芳, 顾嘉玺, 李明辉, 孙浩亮, 倪布清, 邵永丰",2022,03,10,https://zhxzyxldzzz.cma-cmc.com.cn//CN/article/downloadArticleFile.do?attachType=PDF&id=26267
26268,左束支起搏对合并右束支传导阻滞患者的心电学影响,"朱凯伦, 李琳琳, 李桂阳, 柳江海, 常栋, 李强",2022,03,10,https://zhxzyxldzzz.cma-cmc.com.cn//CN/article/downloadArticleFile.do?attachType=PDF&id=26268
26269,冠状动脉钙化特征在心血管风险评估中的价值,"马亚南, 吕滨",2022,03,10,https://zhxzyxldzzz.cma-cmc.com.cn//CN/article/downloadArticleFile.do?attachType=PDF&id=26269
26270,合并慢性肾脏疾病的心房颤动患者的治疗,"张涛, 杨艳敏",2022,03,10,https://zhxzyxldzzz.cma-cmc.com.cn//CN/article/downloadArticleFile.do?attachType=PDF&id=26270
26271,先天性左心耳缺如合并阵发性心房颤动射频消融一例,"李磊, 冯秋婷, 由春媛, 金艳, 曹佳宁, 杨军",2022,03,10,https://zhxzyxldzzz.cma-cmc.com.cn//CN/article/downloadArticleFile.do?attachType=PDF&id=26271
26260,难治性心力衰竭患者植入心肌收缩力调节器一例,"麦憬霆, 周淑娴, 王景峰, 郑韶欣, 陈样新",2022,03,10,https://zhxzyxldzzz.cma-cmc.com.cn//CN/article/downloadArticleFile.do?attachType=PDF&id=26260
26272,2021心血管急危重症研究进展,"张仁奎, 施林生",2022,03,10,https://zhxzyxldzzz.cma-cmc.com.cn//CN/article/downloadArticleFile.do?attachType=PDF&id=26272
26273,心房颤动脉冲电场消融技术网络研讨会纪要,本刊编辑部,2022,03,10,https://zhxzyxldzzz.cma-cmc.com.cn//CN/article/downloadArticleFile.do?attachType=PDF&id=26273
27185,冠心病合并抑郁：我们要做什么,"肖懿慧, 袁祖贻",2022,04,10,https://zhxzyxldzzz.cma-cmc.com.cn//CN/article/downloadArticleFile.do?attachType=PDF&id=27185
27186,抑郁对急性冠脉综合征患者经皮冠状动脉介入术后心血管预后影响的真实世界研究,"李文远, 吴昊谕, 郝翔, 王晨, 徐晨博, 郭曼云, 王丽君, 周娟, 吴岳, 袁祖贻, 熊英",2022,04,10,https://zhxzyxldzzz.cma-cmc.com.cn//CN/article/downloadArticleFile.do?attachType=PDF&id=27186
27187,心房颤动合并急性冠脉综合征或经皮冠状动脉介入术后三联抗栓治疗的降阶策略,"孙格, 杨艳敏",2022,04,10,https://zhxzyxldzzz.cma-cmc.com.cn//CN/article/downloadArticleFile.do?attachType=PDF&id=27187
27188,漂浮导管监测下的介入治疗在高危重症冠心病患者中的应用,"张海凤, 周梦竹, 霍宁, 陈砚戈, 富华颖, 刘彤, 李广平, 刘长乐",2022,04,10,https://zhxzyxldzzz.cma-cmc.com.cn//CN/article/downloadArticleFile.do?attachType=PDF&id=27188
27189,大隐静脉的获取方式对冠状动脉旁路移植术效果的影响,"李传威, 葛畅, 程兆云, 刘前进, 孙俊杰, 胡俊龙",2022,04,10,https://zhxzyxldzzz.cma-cmc.com.cn//CN/article/downloadArticleFile.do?attachType=PDF&id=27189
27190,经导管主动脉瓣植入术后左冠状动脉部分闭塞一例,"张颖倩, 陈韵岱, 蒋博, 刘长福",2022,04,10,https://zhxzyxldzzz.cma-cmc.com.cn//CN/article/downloadArticleFile.do?attachType=PDF&id=27190
27191,性格特征对心房颤动患者生活质量的影响,"闫庆, 栗园, 梁嘉琪, 袁怡德, 范佳丽, 张娟丽, 薛嘉虹",2022,04,10,https://zhxzyxldzzz.cma-cmc.com.cn//CN/article/downloadArticleFile.do?attachType=PDF&id=27191
27192,心房颤动合并卒中患者的左心房功能与左心房低电压区的相关性研究,"吴婷婷, 吴楠, 王可欣, 居维竹, 陈明龙, 王子盾",2022,04,10,https://zhxzyxldzzz.cma-cmc.com.cn//CN/article/downloadArticleFile.do?attachType=PDF&id=27192
27193,肌酐清除率与中国急诊非瓣膜性心房颤动患者的预后研究,"张涛, 王娟, 杨艳敏, 朱俊, 张晗, 邵兴慧",2022,04,10,https://zhxzyxldzzz.cma-cmc.com.cn//CN/article/downloadArticleFile.do?attachType=PDF&id=27193
27194,白细胞端粒长度与心房颤动相关性研究进展,"郑屹, 谢冰歆, 刘彤",2022,04,10,https://zhxzyxldzzz.cma-cmc.com.cn//CN/article/downloadArticleFile.do?attachType=PDF&id=27194
27066,血管内超声应用于复杂冠状动脉介入治疗的操作视频,"张勇, 宁菲菲, 郭宁",2022,04,10,https://zhxzyxldzzz.cma-cmc.com.cn//CN/article/downloadArticleFile.do?attachType=PDF&id=27066
27195,慢性心肌缺血综合征的新认识,"白晓君, 余航, 吴岳, 张卫萍",2022,04,10,https://zhxzyxldzzz.cma-cmc.com.cn//CN/article/downloadArticleFile.do?attachType=PDF&id=27195
28077,人工智能在心脏疾病诊疗与研究领域的进展与展望,"周珊珊, 陈韵岱",2023,01,11,https://zhxzyxldzzz.cma-cmc.com.cn//CN/article/downloadArticleFile.do?attachType=PDF&id=28077
28078,静息心率对10年心血管疾病风险的影响,"沈安娜, 李建新, 刘芳超, 黄克勇, 付真彦, 鲁向锋, 顾东风",2023,01,11,https://zhxzyxldzzz.cma-cmc.com.cn//CN/article/downloadArticleFile.do?attachType=PDF&id=28078
28079,异常P波额面电轴对不同疾病死亡风险的预测价值,"曹箫笛, 王哲",2023,01,11,https://zhxzyxldzzz.cma-cmc.com.cn//CN/article/downloadArticleFile.do?attachType=PDF&id=28079
28080,人工智能辅助心电图识别无冠心病人群的临床研究,"郭少华, 耿世佳, 洪申达, 穆冠宇, 张一芝, 杨磊, 刘彤, 陈康寅",2023,01,11,https://zhxzyxldzzz.cma-cmc.com.cn//CN/article/downloadArticleFile.do?attachType=PDF&id=28080
28081,智能手表对主动脉瓣置换术后患者心房颤动及左束支传导阻滞的诊断价值,"党梦秋, 范嘉祺, 戴晗怡, 陈俊, 李然犀, 徐建国, 李程, 郭宇超, 刘先宝, 王建安",2023,01,11,https://zhxzyxldzzz.cma-cmc.com.cn//CN/article/downloadArticleFile.do?attachType=PDF&id=28081
28082,人工智能辅助心电图的临床应用,"王昱, 谢中立, 王霞飞, 魏倩囡, 郑雪梅, 牛晨光",2023,01,11,https://zhxzyxldzzz.cma-cmc.com.cn//CN/article/downloadArticleFile.do?attachType=PDF&id=28082
28083,肥厚型心肌病的关键基因：一项基于加权基因共表达网络的分析,"华杨, 孙劲禹, 程晨, 邢子琳, 盛燕辉, 孔祥清, 孙伟",2023,01,11,https://zhxzyxldzzz.cma-cmc.com.cn//CN/article/downloadArticleFile.do?attachType=PDF&id=28083
28088,房室折返性心动过速消融导致旁路假性阻滞一例,"曹宾, 夏盼盼, 孙育民",2023,01,11,https://zhxzyxldzzz.cma-cmc.com.cn//CN/article/downloadArticleFile.do?attachType=PDF&id=28088
28089,大数据驱动的心血管科学研究：突破未知,郭豫涛,2023,01,11,https://zhxzyxldzzz.cma-cmc.com.cn//CN/article/downloadArticleFile.do?attachType=PDF&id=28089
28906,普通心脏起搏器和植入型心律转复除颤器手术操作规范中国专家共识（2023）,"中华医学会心电生理和起搏分会, 中国医师协会心律学专业委员会",2023,02,11,https://zhxzyxldzzz.cma-cmc.com.cn//CN/article/downloadArticleFile.do?attachType=PDF&id=28906
29020,结构性心脏病新技术的展望,"周达新, 葛均波",2023,02,11,https://zhxzyxldzzz.cma-cmc.com.cn//CN/article/downloadArticleFile.do?attachType=PDF&id=29020
29021,新型冠状病毒感染后经导管主动脉瓣置换术安全性分析,"漆祎鸣, 潘文志, 朱风琴, 周达新, 葛均波",2023,02,11,https://zhxzyxldzzz.cma-cmc.com.cn//CN/article/downloadArticleFile.do?attachType=PDF&id=29021
29022,左心耳封堵术联合房间隔缺损封堵术一站式手术安全性与有效性研究,"范家宁, 林大卫, 李明飞, 张峰, 张晓春, 潘文志, 周达新",2023,02,11,https://zhxzyxldzzz.cma-cmc.com.cn//CN/article/downloadArticleFile.do?attachType=PDF&id=29022
29023,国产经导管瓣膜系统治疗重度主动脉瓣狭窄长期预后及其预测因素分析,"翁梓珑, 朱丽, 林大卫, 潘文志, 周达新, 葛均波",2023,02,11,https://zhxzyxldzzz.cma-cmc.com.cn//CN/article/downloadArticleFile.do?attachType=PDF&id=29023
29024,Takotsubo综合征心电图的进展,"黄大军, 李燕伟, 伍洲, 张嬿, 康彧, 孔令秋",2023,02,11,https://zhxzyxldzzz.cma-cmc.com.cn//CN/article/downloadArticleFile.do?attachType=PDF&id=29024
28905,经皮肺动脉瓣植入术的操作技巧及并发症预防,潘文志,2023,02,11,https://zhxzyxldzzz.cma-cmc.com.cn//CN/article/downloadArticleFile.do?attachType=PDF&id=28905
29025,2023年美国心律学年会心律失常领域最新临床研究进展,"蒋子涵, 于丰源, 张宏达, 丁蕾, 米利杰, 唐闽",2023,02,11,https://zhxzyxldzzz.cma-cmc.com.cn//CN/article/downloadArticleFile.do?attachType=PDF&id=29025
30823,结构性心脏病年度报告2022,"陈丹丹, 潘文志, 陈莎莎, 张源, 张晓春, 李明飞, 周达新, 葛均波",2023,03,11,https://zhxzyxldzzz.cma-cmc.com.cn//CN/article/downloadArticleFile.do?attachType=PDF&id=30823
30824,单纯主动脉瓣反流经导管主动脉瓣置换的解剖分析及操作技巧,"潘文志, 龙愉良, 周达新, 葛均波",2023,03,11,https://zhxzyxldzzz.cma-cmc.com.cn//CN/article/downloadArticleFile.do?attachType=PDF&id=30824
30825,非阵发性心房颤动的治疗策略：来自心脏电生理一线医师的问卷调查,"曹宾, 郭瑛, 夏盼盼, 刘佳榛, 王骏, 孙育民",2023,03,11,https://zhxzyxldzzz.cma-cmc.com.cn//CN/article/downloadArticleFile.do?attachType=PDF&id=30825
30826,上海市奉贤区基层全科医师对心房颤动的认知现状及影响因素分析,"段园霞, 顾柳娜, 张磊, 周丽婷, 朱海瀛, 杨超, 陈海英, 顾晓青, 高宗尚, 黄蛟灵",2023,03,11,https://zhxzyxldzzz.cma-cmc.com.cn//CN/article/downloadArticleFile.do?attachType=PDF&id=30826
30827,有氧运动和抗阻运动对心力衰竭患者心率变异性影响的观察性研究,"孔倩文, 刘姗, 曾彩虹, 曾庆春",2023,03,11,https://zhxzyxldzzz.cma-cmc.com.cn//CN/article/downloadArticleFile.do?attachType=PDF&id=30827
30828,静息血压和运动血压与心脏结构和功能的相关性研究,"米娜瓦尔·阿不都克力木, 周圆缘, 黄慧玲, 董吁钢, 刘晨, 魏方菲",2023,03,11,https://zhxzyxldzzz.cma-cmc.com.cn//CN/article/downloadArticleFile.do?attachType=PDF&id=30828
30829,心力衰竭患者容量管理护理质量评价指标体系的构建,"张诚霖, 李学美, 巫惠心, 李晓燕",2023,03,11,https://zhxzyxldzzz.cma-cmc.com.cn//CN/article/downloadArticleFile.do?attachType=PDF&id=30829
30830,曲折的右心声学造影一例,"李燕伟, 黄大军, 伍洲, 张嬿, 康彧, 孔令秋",2023,03,11,https://zhxzyxldzzz.cma-cmc.com.cn//CN/article/downloadArticleFile.do?attachType=PDF&id=30830
30831,心血管植入型电子器械相关的病理学改变及其临床意义,李延辉,2023,03,11,https://zhxzyxldzzz.cma-cmc.com.cn//CN/article/downloadArticleFile.do?attachType=PDF&id=30831
30832,左心室血栓的研究进展,"杨沭, 郦明芳, 陈明龙",2023,03,11,https://zhxzyxldzzz.cma-cmc.com.cn//CN/article/downloadArticleFile.do?attachType=PDF&id=30832
31909,儿童心血管疾病负担：重压下的应对,张浩,2023,04,11,https://zhxzyxldzzz.cma-cmc.com.cn//CN/article/downloadArticleFile.do?attachType=PDF&id=31909
31910,右心畸形先天性心脏病术后左心房容积的心血管磁共振成像评估,"马岩岩, 欧阳荣珍, 胡立伟, 王谦, 孙爱敏, 郭辰, 钟玉敏",2023,04,11,https://zhxzyxldzzz.cma-cmc.com.cn//CN/article/downloadArticleFile.do?attachType=PDF&id=31910
31911,完全性房室间隔缺损修补术后早期发生心律失常的回顾性分析,"宋彬倩, 武开宏, 莫绪明, 戚继荣, 孙剑, 彭卫",2023,04,11,https://zhxzyxldzzz.cma-cmc.com.cn//CN/article/downloadArticleFile.do?attachType=PDF&id=31911
31633,先天性心脏病术后早期一氧化氮吸入治疗的有效性和安全性评价,"张明杰, 柳立平, 李春香, 刘玉洁, 徐卓明",2023,04,11,https://zhxzyxldzzz.cma-cmc.com.cn//CN/article/downloadArticleFile.do?attachType=PDF&id=31633
31912,儿童心动过速性心肌病的临床管理及预后分析,"徐欣怡, 顾怡菁, 郭颖, 王秀利, 黄美容, 傅立军, 高伟, 刘廷亮, 李奋",2023,04,11,https://zhxzyxldzzz.cma-cmc.com.cn//CN/article/downloadArticleFile.do?attachType=PDF&id=31912
31632,脉冲电场消融对犬房室传导功能的影响,"沈才杰, 戴嘉挺, 贾振宇, 丰明俊, 杜先锋, 郁一波, 蒋永兴, 金河, 高昉, 傅国华, 王彬浩, 卓伟东, 方任远, 陈晓敏, 储慧民",2023,04,11,https://zhxzyxldzzz.cma-cmc.com.cn//CN/article/downloadArticleFile.do?attachType=PDF&id=31632
31631,冠心病再介入治疗患者的反刍性沉思现状及影响因素研究,"徐冬梅, 孙丽, 魏岚, 翟仕银, 张新月",2023,04,11,https://zhxzyxldzzz.cma-cmc.com.cn//CN/article/downloadArticleFile.do?attachType=PDF&id=31631
31913,儿童先天性心脏病围手术期的全程护理,罗雯懿,2023,04,11,https://zhxzyxldzzz.cma-cmc.com.cn//CN/article/downloadArticleFile.do?attachType=PDF&id=31913
31914,经心腔内超声心动图指导下左心耳封堵与无导线起搏器植入术一例,"王慧俐, 张沛刚, 李军, 薛立新, 刘向阳, 冯小梅, 刘江, 李芳, 王海雄",2023,04,11,https://zhxzyxldzzz.cma-cmc.com.cn//CN/article/downloadArticleFile.do?attachType=PDF&id=31914
31630,睡眠与心率变异性关系的研究进展,"张友晶, 贾砚慧, 陈恕凤",2023,04,11,https://zhxzyxldzzz.cma-cmc.com.cn//CN/article/downloadArticleFile.do?attachType=PDF&id=31630
31915,结构性心脏病介入治疗进展,"钟冬祥, 杨兵",2023,04,11,https://zhxzyxldzzz.cma-cmc.com.cn//CN/article/downloadArticleFile.do?attachType=PDF&id=31915
32920,心腔内超声心动图指导左心耳封堵的规范化标准流程,"储慧民, 杜先锋",2024,01,12,https://zhxzyxldzzz.cma-cmc.com.cn//CN/article/downloadArticleFile.do?attachType=PDF&id=32920
32921,书同文，车同轨，自膨胀瓣膜应该统一型号命名,"漆祎鸣, 潘文志, 陈莎莎, 周达新, 葛均波",2024,01,12,https://zhxzyxldzzz.cma-cmc.com.cn//CN/article/downloadArticleFile.do?attachType=PDF&id=32921
32922,二尖瓣反流的新分型及相应经导管缘对缘修复手术策略,"潘文志, 李伟, 周达新, 潘翠珍, 魏来, 葛均波",2024,01,12,https://zhxzyxldzzz.cma-cmc.com.cn//CN/article/downloadArticleFile.do?attachType=PDF&id=32922
32923,“工欲善其事，必先利其器”，加快推进影像学新技术的研发与应用,吕滨,2024,01,12,https://zhxzyxldzzz.cma-cmc.com.cn//CN/article/downloadArticleFile.do?attachType=PDF&id=32923
32924,基于心脏磁共振多模态特征评估急性心肌梗死患者预后,"田欢, 吴艳凯, 宋波, 魏榕辰, 张艳, 李月戈, 武柏林",2024,01,12,https://zhxzyxldzzz.cma-cmc.com.cn//CN/article/downloadArticleFile.do?attachType=PDF&id=32924
32925,人工智能在肺栓塞CT检查中的临床研究进展,"王靖玺, 赵丽, 吕滨",2024,01,12,https://zhxzyxldzzz.cma-cmc.com.cn//CN/article/downloadArticleFile.do?attachType=PDF&id=32925
32926,心肌应变成像在糖尿病心肌病评估中的研究进展,"胡梦瑶, 宋怡沛, 龚良庚",2024,01,12,https://zhxzyxldzzz.cma-cmc.com.cn//CN/article/downloadArticleFile.do?attachType=PDF&id=32926
32927,低密度脂蛋白胆固醇联合甘油三酯与葡萄糖乘积指数在急性冠脉综合征患者发生主要心血管事件中的预测价值,"姚晨晨, 杨雷, 罗诚诚, 佘会",2024,01,12,https://zhxzyxldzzz.cma-cmc.com.cn//CN/article/downloadArticleFile.do?attachType=PDF&id=32927
32928,植入型心律转复除颤器伴心理疾病的识别及治疗二例,"周红梅, 孙建英, 李若谷, 幺天宝, 聂鹏, 卜军, 姜萌, 毛家亮",2024,01,12,https://zhxzyxldzzz.cma-cmc.com.cn//CN/article/downloadArticleFile.do?attachType=PDF&id=32928
32817,心房分流术治疗心力衰竭的研究进展,"王雅, 邹花一阳, 孙伟",2024,01,12,https://zhxzyxldzzz.cma-cmc.com.cn//CN/article/downloadArticleFile.do?attachType=PDF&id=32817
32929,心脏再同步治疗超反应因疫情封控丢失而经调整起搏参数重新获得一例,"夏天, 孙磊, 朱业, 陈福坤, 顾仁杰, 郁维, 顾翔",2024,01,12,https://zhxzyxldzzz.cma-cmc.com.cn//CN/article/downloadArticleFile.do?attachType=PDF&id=32929
32930,假性Wellens综合征一例,"李烽, 陈聿琦, 刘湘, 焦阳, 李晖",2024,01,12,https://zhxzyxldzzz.cma-cmc.com.cn//CN/article/downloadArticleFile.do?attachType=PDF&id=32930
32818,心腔内超声心动图指导下的左心耳封堵术标准流程解析,储慧民,2024,01,12,https://zhxzyxldzzz.cma-cmc.com.cn//CN/article/downloadArticleFile.do?attachType=PDF&id=32818
32931,《中华心脏与心律电子杂志》复刊第二届编辑委员会成立大会暨第一次全体工作会议会议纪要,"张诗梦, 林娜",2024,01,12,https://zhxzyxldzzz.cma-cmc.com.cn//CN/article/downloadArticleFile.do?attachType=PDF&id=32931
33746,卵圆孔未闭研究现状与进展,"林大卫, 周达新",2024,02,12,https://zhxzyxldzzz.cma-cmc.com.cn//CN/article/downloadArticleFile.do?attachType=PDF&id=33746
33747,2023年先天性心脏病介入治疗年度报告,"张长东, 李庚, 钟禹成, 田军, 尚小珂, 董念国",2024,02,12,https://zhxzyxldzzz.cma-cmc.com.cn//CN/article/downloadArticleFile.do?attachType=PDF&id=33747
33748,新型国产肺动脉瓣膜治疗儿童肺动脉瓣反流的早期临床经验,"徐欣怡, 王秀利, 郭颖, 黄美容, 傅立军, 张浩, 张海波, 高伟, 刘廷亮",2024,02,12,https://zhxzyxldzzz.cma-cmc.com.cn//CN/article/downloadArticleFile.do?attachType=PDF&id=33748
33749,靶向药物联合缺损修复在成人先天性心脏病相关重度肺动脉高压的应用,"刘鑫, 裴思雨, 李志强, 陈成文, 傅硕, 卢领, 孙楠楠, 程守全, 谢冰, 张诗文, 王诚",2024,02,12,https://zhxzyxldzzz.cma-cmc.com.cn//CN/article/downloadArticleFile.do?attachType=PDF&id=33749
33750,卵圆孔未闭封堵治疗单中心经验,"宋勇战, 刘宝龙, 王萍, 周登明, 刘永胜",2024,02,12,https://zhxzyxldzzz.cma-cmc.com.cn//CN/article/downloadArticleFile.do?attachType=PDF&id=33750
33751,连续起搏记录技术在左束支起搏中的应用：不同深度间隔起搏的电生理特点,"沈佳波, 江隆福, 吴昊, 李恒栋, 张璐, 钟进彦, 卓珊珊, 郑南, 张越琳",2024,02,12,https://zhxzyxldzzz.cma-cmc.com.cn//CN/article/downloadArticleFile.do?attachType=PDF&id=33751
33752,心力衰竭器械治疗新进展,"李云峰, 周世强, 李飞",2024,02,12,https://zhxzyxldzzz.cma-cmc.com.cn//CN/article/downloadArticleFile.do?attachType=PDF&id=33752
33753,氯苯唑酸治疗野生型转甲状腺素蛋白心脏淀粉样变一例,"米娜瓦尔·阿不都克力木, 董吁钢, 刘晨, 薛睿聪",2024,02,12,https://zhxzyxldzzz.cma-cmc.com.cn//CN/article/downloadArticleFile.do?attachType=PDF&id=33753
33754,房室同步无导线起搏器房室传导模式转换功能导致持续性心动过缓一例,"杨军, 金艳, 冯秋婷, 秦娴, 喻澄, 曹佳宁",2024,02,12,https://zhxzyxldzzz.cma-cmc.com.cn//CN/article/downloadArticleFile.do?attachType=PDF&id=33754
33631,延伸导管在室间隔穿孔介入治疗的新应用一例,"单兴华, 唐文栋, 赵仙先",2024,02,12,https://zhxzyxldzzz.cma-cmc.com.cn//CN/article/downloadArticleFile.do?attachType=PDF&id=33631
34958,三尖瓣反流经导管治疗的中国专家共识,"中国医师协会心血管内科医师分会结构性心脏病学组, 苏州工业园区东方华夏心管健康研究院",2024,03,12,https://zhxzyxldzzz.cma-cmc.com.cn//CN/article/downloadArticleFile.do?attachType=PDF&id=34958
34959,希氏-浦肯野系统起搏挑战病例的植入策略,"张亚梅, 郑盛泷, 苏蓝",2024,03,12,https://zhxzyxldzzz.cma-cmc.com.cn//CN/article/downloadArticleFile.do?attachType=PDF&id=34959
34960,希氏束起搏阈值升高的预测因素分析：单中心5年随访结果,"折壮川, 陈莹, 丁宛萱, 杨乙珩, 王楠, 孙伟, 李国草, 马裴裴, 张荣峰, 肖宪杰, 董颖雪",2024,03,12,https://zhxzyxldzzz.cma-cmc.com.cn//CN/article/downloadArticleFile.do?attachType=PDF&id=34960
34961,起搏诱导心肌病应对新策略：导线移除与希氏-浦肯野系统起搏升级,"魏冰倩, 蓝荣芳",2024,03,12,https://zhxzyxldzzz.cma-cmc.com.cn//CN/article/downloadArticleFile.do?attachType=PDF&id=34961
34962,急性右心室功能障碍的诊疗进展,"龚霄雷, 朱丽敏, 姜燕, 徐卓明",2024,03,12,https://zhxzyxldzzz.cma-cmc.com.cn//CN/article/downloadArticleFile.do?attachType=PDF&id=34962
34963,经导管主动脉瓣置换术后高度房室传导阻滞患者应用过渡起搏器恢复窦性心律三例,"常三帅, 刘新民, 姜正明, 卢志南, 姚晶, 苑飞, 罗太阳, 阴赪茜, 宋光远",2024,03,12,https://zhxzyxldzzz.cma-cmc.com.cn//CN/article/downloadArticleFile.do?attachType=PDF&id=34963
34964,药物联合个体化精准恒定功率运动疗法治疗心肌梗死术后频发室性早搏一例,"徐来英, 程效, 戴亨纷, 侯俊凉, 苏怡林, 张彦",2024,03,12,https://zhxzyxldzzz.cma-cmc.com.cn//CN/article/downloadArticleFile.do?attachType=PDF&id=34964
34965,三维标测系统指导下国产花瓣状脉冲电场消融系统应用一例,"付明鹏, 牛国栋, 岑志富, 乔宇, 郭金锐, 郭雨龙, 谢阳, 刘晨, 袁华苑, 刘可, 何姗姗",2024,03,12,https://zhxzyxldzzz.cma-cmc.com.cn//CN/article/downloadArticleFile.do?attachType=PDF&id=34965
34679,儿童左心耳起源房性心动过速镶嵌治疗一例,"陈轶维, 吴近近, 李奋, 孙彦隽, 郁夏风",2024,03,12,https://zhxzyxldzzz.cma-cmc.com.cn//CN/article/downloadArticleFile.do?attachType=PDF&id=34679
38212,经皮心内膜心肌活检的操作流程及注意事项,"岳鑫, 张海锋, 李新立",2024,04,12,https://zhxzyxldzzz.cma-cmc.com.cn//CN/article/downloadArticleFile.do?attachType=PDF&id=38212
38213,Ebstein畸形,杨克明,2024,04,12,https://zhxzyxldzzz.cma-cmc.com.cn//CN/article/downloadArticleFile.do?attachType=PDF&id=38213
38214,非瓣膜性心房颤动患者一站式术后不同抗凝策略的单中心经验,"尚帅, 李耀东, 芦颜美, 邢强, 张疆华, 周贤惠, 汤宝鹏",2024,04,12,https://zhxzyxldzzz.cma-cmc.com.cn//CN/article/downloadArticleFile.do?attachType=PDF&id=38214
38215,Ross术在儿童及青少年中应用的早期效果,"吴铸衡, 谢林, 吕璟, 赁可",2024,04,12,https://zhxzyxldzzz.cma-cmc.com.cn//CN/article/downloadArticleFile.do?attachType=PDF&id=38215
38216,犬左心室浦肯野纤维分布特征观察,"孟云帆, 李云浩, 张道阳, 张洁, 张奇, 张萍, 张玉婕, 王祖禄, 梁明",2024,04,12,https://zhxzyxldzzz.cma-cmc.com.cn//CN/article/downloadArticleFile.do?attachType=PDF&id=38216
38217,左束支夺获的判断方法与临床意义,"曾嘉欣, 邹建刚",2024,04,12,https://zhxzyxldzzz.cma-cmc.com.cn//CN/article/downloadArticleFile.do?attachType=PDF&id=38217
38218,人工智能预测心脏性猝死和恶性心律失常风险研究进展,"蔡铖, 郦明芳",2024,04,12,https://zhxzyxldzzz.cma-cmc.com.cn//CN/article/downloadArticleFile.do?attachType=PDF&id=38218
38219,心肌血管微环境在先天性心脏病相关的慢性右心衰竭进展中的作用,"宋奕霄, 陈曦, 张明杰, 王丽平, 庞亚昌, 徐卓明",2024,04,12,https://zhxzyxldzzz.cma-cmc.com.cn//CN/article/downloadArticleFile.do?attachType=PDF&id=38219
38220,临时心脏起搏器致室性心动过速、心室颤动两例,"杨建都, 郭超, 李佳, 张峻",2024,04,12,https://zhxzyxldzzz.cma-cmc.com.cn//CN/article/downloadArticleFile.do?attachType=PDF&id=38220
38221,Graves病合并冠状动脉痉挛致心肌梗死和心律失常一例,"罗艳婷, 朱洁明, 谢旭晶, 黄卓山, 董睿敏",2024,04,12,https://zhxzyxldzzz.cma-cmc.com.cn//CN/article/downloadArticleFile.do?attachType=PDF&id=38221
38222,中国经导管左心耳封堵术临床路径专家共识（2025版）,中国医师协会心血管内科医师分会结构性心脏病学组；苏州工业园区东方华夏心血管健康研究院,2025,01,13,https://zhxzyxldzzz.cma-cmc.com.cn//CN/article/downloadArticleFile.do?attachType=PDF&id=38222
39917,《2024年ESC血压升高和高血压管理指南》更新要点解读,"郑旭辉, 姚文明, 李新立",2025,01,13,https://zhxzyxldzzz.cma-cmc.com.cn//CN/article/downloadArticleFile.do?attachType=PDF&id=39917
39918,希氏-浦肯野系统的倒递减传导,"吕童莲, 张余斌, 刘彤",2025,01,13,https://zhxzyxldzzz.cma-cmc.com.cn//CN/article/downloadArticleFile.do?attachType=PDF&id=39918
39919,规范抗凝后非瓣膜性心房颤动患者血栓形成的相关性因素研究,"王建华, 范玮丽, 郭海涵, 孙璐, 张萌, 徐健, 李述峰, 曹威",2025,01,13,https://zhxzyxldzzz.cma-cmc.com.cn//CN/article/downloadArticleFile.do?attachType=PDF&id=39919
39920,胸痛左束支阻滞综合征的研究进展,"李霞玲, 朱小刚, 胡文泽, 杨明, 佟子川",2025,01,13,https://zhxzyxldzzz.cma-cmc.com.cn//CN/article/downloadArticleFile.do?attachType=PDF&id=39920
39921,拉考沙胺致二度Ⅰ型窦房传导阻滞一例,"徐胡根, 王家, 张福池, 周云山, 史向松",2025,01,13,https://zhxzyxldzzz.cma-cmc.com.cn//CN/article/downloadArticleFile.do?attachType=PDF&id=39921
39066,光学相干断层成像指导下编织样血管经皮冠状动脉介入诊疗一例,"张雨晨, 孟浩宇",2025,01,13,https://zhxzyxldzzz.cma-cmc.com.cn//CN/article/downloadArticleFile.do?attachType=PDF&id=39066
40776,2024年经导管主动脉瓣置换术年度报告,"陈莎莎, 李捷, 李飞, 方臻飞, 潘文志, 周达新, 吴永健, 葛均波",2025,02,13,https://zhxzyxldzzz.cma-cmc.com.cn//CN/article/downloadArticleFile.do?attachType=PDF&id=40776
40777,2024年ESC指南对冠状动脉旁路移植术及术后患者管理推荐：聚焦慢性冠脉综合征患者及指南更新,"杨腾蛟, 徐飞",2025,02,13,https://zhxzyxldzzz.cma-cmc.com.cn//CN/article/downloadArticleFile.do?attachType=PDF&id=40777
40778,《心力衰竭患者利尿剂抵抗诊断及管理中国专家共识》解读,"梁潇, 薛小临",2025,02,13,https://zhxzyxldzzz.cma-cmc.com.cn//CN/article/downloadArticleFile.do?attachType=PDF&id=40778
40779,《超声检查高血压心血管重构和功能临床应用指南（2024版）》解读,施怡声,2025,02,13,https://zhxzyxldzzz.cma-cmc.com.cn//CN/article/downloadArticleFile.do?attachType=PDF&id=40779
40780,针对经导管肺动脉瓣置换术右心室流出道-肺动脉解剖分型的思考,"潘文志, 方雁行, 周达新, 葛均波",2025,02,13,https://zhxzyxldzzz.cma-cmc.com.cn//CN/article/downloadArticleFile.do?attachType=PDF&id=40780
40781,β受体阻滞剂在心血管疾病应用中的研究进展,"夏盼盼, 徐志强, 孙育民",2025,02,13,https://zhxzyxldzzz.cma-cmc.com.cn//CN/article/downloadArticleFile.do?attachType=PDF&id=40781
40782,完全型心内膜垫缺损合并法洛四联症或右心室双出口的外科治疗策略,"丘俊涛, 马凯, 蒋华平, 季宇萌, 李守军, 杨克明",2025,02,13,https://zhxzyxldzzz.cma-cmc.com.cn//CN/article/downloadArticleFile.do?attachType=PDF&id=40782
40783,早复极的心电图视角及临床预警,李静,2025,02,13,https://zhxzyxldzzz.cma-cmc.com.cn//CN/article/downloadArticleFile.do?attachType=PDF&id=40783
40784,儿童心脏起搏治疗现状及进展,李小梅,2025,02,13,https://zhxzyxldzzz.cma-cmc.com.cn//CN/article/downloadArticleFile.do?attachType=PDF&id=40784
40785,左心室外膜起源室性早搏诱导性心肌病的射频消融一例,"仇悦, 金蔡懿, 陈红武, 陈明龙",2025,02,13,https://zhxzyxldzzz.cma-cmc.com.cn//CN/article/downloadArticleFile.do?attachType=PDF&id=40785
40786,右心房插入点消融阻断心房间连接治疗顽固性右肺静脉电传导恢复一例,"刘铮, 张建军, 刘兴鹏, 刘丽凤, 张婉菁, 左琨, 刘小青",2025,02,13,https://zhxzyxldzzz.cma-cmc.com.cn//CN/article/downloadArticleFile.do?attachType=PDF&id=40786
40320,典型房室结折返性心动过速的诊断与射频消融,孙奇,2025,02,13,https://zhxzyxldzzz.cma-cmc.com.cn//CN/article/downloadArticleFile.do?attachType=PDF&id=40320
41774,《2025年ESC/EACTS瓣膜性心脏病管理指南》更新要点解读,"潘文志, 翁梓珑, 周达新, 葛均波",2025,03,13,https://zhxzyxldzzz.cma-cmc.com.cn//CN/article/downloadArticleFile.do?attachType=PDF&id=41774
41775,《冠状动脉粥样硬化性心脏病猝死防治专家共识（2024）》要点解读,张勇华,2025,03,13,https://zhxzyxldzzz.cma-cmc.com.cn//CN/article/downloadArticleFile.do?attachType=PDF&id=41775
41776,《2024年ESC肥胖与心血管疾病临床共识》解读,"陈公渊, 黄周青",2025,03,13,https://zhxzyxldzzz.cma-cmc.com.cn//CN/article/downloadArticleFile.do?attachType=PDF&id=41776
41777,卵圆孔未闭相关非卒中性疾病研究进展,"李志强, 王诚",2025,03,13,https://zhxzyxldzzz.cma-cmc.com.cn//CN/article/downloadArticleFile.do?attachType=PDF&id=41777
41778,梗阻性肥厚型心肌病的治疗策略与疗效评估,"郑宁宁, 付永兵, 薛枫, 凌琳, 徐明珠, 蒋廷波",2025,03,13,https://zhxzyxldzzz.cma-cmc.com.cn//CN/article/downloadArticleFile.do?attachType=PDF&id=41778
41779,心房颤动合并心力衰竭患者导管消融的研究进展,"沙剑梅, 丁祥伟, 朱莉",2025,03,13,https://zhxzyxldzzz.cma-cmc.com.cn//CN/article/downloadArticleFile.do?attachType=PDF&id=41779
41780,可溶性鸟苷酸环化酶刺激剂在心力衰竭中的研究进展,"寿任扬, 章海燕, 龙明智",2025,03,13,https://zhxzyxldzzz.cma-cmc.com.cn//CN/article/downloadArticleFile.do?attachType=PDF&id=41780
41781,先天性心脏病外科术后复杂房性心律失常射频消融一例,"喻澄, 冯秋婷, 吴丹, 秦娴, 金艳, 曹佳宁, 杨军",2025,03,13,https://zhxzyxldzzz.cma-cmc.com.cn//CN/article/downloadArticleFile.do?attachType=PDF&id=41781
41782,肥厚型心肌病患者植入全皮下植入型心律转复除颤器后发生三重计数致误放电一例,"袁华苑, 付明鹏, 乔宇, 郭涛, 牛国栋, 郭雨龙",2025,03,13,https://zhxzyxldzzz.cma-cmc.com.cn//CN/article/downloadArticleFile.do?attachType=PDF&id=41782
41783,冠状动脉介入治疗后脑出血致尖顶军盔征心电图一例,"王旭, 陈炳伟",2025,03,13,https://zhxzyxldzzz.cma-cmc.com.cn//CN/article/downloadArticleFile.do?attachType=PDF&id=41783
41784,被冠状动脉造影误诊为慢性闭塞性病变的双左前降支变异一例,"陶志文, 李春坚, 朱晓梅, 陈波",2025,03,13,https://zhxzyxldzzz.cma-cmc.com.cn//CN/article/downloadArticleFile.do?attachType=PDF&id=41784
