article_id,title,authors,year,issue,volumn_page,pdf_url,doi
1,《体内基因治疗产品药学研究与评价技术指导原则(试行)》解读,徐隆昌、崔靖、何伍,2023,32(2),http://www.newdrug.cn/CN/Y2023/V32/I2,http://www.newdrug.cn/CN/PDF/10.3969/j.issn.1003-3734.2023.02.001,10.3969/j.issn.1003-3734.2023.02.001
2,《体外基因修饰系统药学研究与评价技术指导原则(试行)》解读,卢加琪、李倩、何伍,2023,32(2),http://www.newdrug.cn/CN/Y2023/V32/I2,http://www.newdrug.cn/CN/PDF/10.3969/j.issn.1003-3734.2023.02.002,10.3969/j.issn.1003-3734.2023.02.002
3,《免疫细胞治疗产品药学研究与评价技术指导原则(试行)》解读,杨菲、韩冬梅、何伍,2023,32(2),http://www.newdrug.cn/CN/Y2023/V32/I2,http://www.newdrug.cn/CN/PDF/10.3969/j.issn.1003-3734.2023.02.003,10.3969/j.issn.1003-3734.2023.02.003
4,美国CAR-T药品上市后风险评估与减轻策略的研究及启示,王晶、黄云虹、赵晨阳、鲁爽、高晨燕,2023,32(2),http://www.newdrug.cn/CN/Y2023/V32/I2,http://www.newdrug.cn/CN/PDF/10.3969/j.issn.1003-3734.2023.02.004,10.3969/j.issn.1003-3734.2023.02.004
5,重组生物技术产品连续制造中病毒安全控制的一般考量,赛文博、胡莹莹、韦薇,2023,32(2),http://www.newdrug.cn/CN/Y2023/V32/I2,http://www.newdrug.cn/CN/PDF/10.3969/j.issn.1003-3734.2023.02.005,10.3969/j.issn.1003-3734.2023.02.005
7,美国和欧盟老年群体药物临床研究支持策略的研究,"张伊楠, 李新辰, 吴汀溪, 赵志刚",2025,34(1),http://www.newdrug.cn/CN/Y2025/V34/I1,http://www.newdrug.cn/CN/PDF/10.20251/j.cnki.1003-3734.2025.01.001,10.20251/j.cnki.1003-3734.2025.01.001
8,基于Orphanet数据库的中国罕见病界定及累积时点患病率测算,"过其祥, 刘云鹏, 朱珈震, 杨悦",2025,34(1),http://www.newdrug.cn/CN/Y2025/V34/I1,http://www.newdrug.cn/CN/PDF/10.20251/j.cnki.1003-3734.2025.01.002,10.20251/j.cnki.1003-3734.2025.01.002
9,“一带一路”沿线国家创新药加快上市注册制度比较研究及启示,"袁方哲, 韩佳佳, 阳丰鸿, 王熙睿, 陈月娇, 褚淑贞",2025,34(1),http://www.newdrug.cn/CN/Y2025/V34/I1,http://www.newdrug.cn/CN/PDF/10.20251/j.cnki.1003-3734.2025.01.003,10.20251/j.cnki.1003-3734.2025.01.003
10,我国药品非现场检查工作困境及对策研究,"张婕颖, 李军, 赵枫, 范瑞雪, 张苗苗, 茅宁莹",2025,34(1),http://www.newdrug.cn/CN/Y2025/V34/I1,http://www.newdrug.cn/CN/PDF/10.20251/j.cnki.1003-3734.2025.01.004,10.20251/j.cnki.1003-3734.2025.01.004
11,珍稀濒危中药材代用品的研究现状与对策分析,"阮意丹, 张萍芝, 张永强, 姚爱娜, 张慧中, 徐晓涵, 李诗曼, 倪健, 董晓旭",2025,34(1),http://www.newdrug.cn/CN/Y2025/V34/I1,http://www.newdrug.cn/CN/PDF/10.20251/j.cnki.1003-3734.2025.01.005,10.20251/j.cnki.1003-3734.2025.01.005
12,抗体偶联药物新药临床研究申请阶段药学研究关注点,"戴逸飞, 谢雨佳, 杨娇, 陈爱萍, 任峰, 李倩, 何伍",2025,34(1),http://www.newdrug.cn/CN/Y2025/V34/I1,http://www.newdrug.cn/CN/PDF/10.20251/j.cnki.1003-3734.2025.01.006,10.20251/j.cnki.1003-3734.2025.01.006
13,人呼吸道合胞病毒疫苗临床研发与评价,"陈艳, 王海学",2025,34(1),http://www.newdrug.cn/CN/Y2025/V34/I1,http://www.newdrug.cn/CN/PDF/10.20251/j.cnki.1003-3734.2025.01.007,10.20251/j.cnki.1003-3734.2025.01.007
14,预防用自扩增mRNA疫苗药学研究的考虑,"杨丹, 赵欣, 胡琳, 张东, 李敏",2025,34(1),http://www.newdrug.cn/CN/Y2025/V34/I1,http://www.newdrug.cn/CN/PDF/10.20251/j.cnki.1003-3734.2025.01.008,10.20251/j.cnki.1003-3734.2025.01.008
15,经典名方桃核承气汤的研究进展,"张永强, 倪健, 蔡梦如, 孔佳辉, 廖诗朗, 杜豫吉, 阮意丹, 朱荣玥, 付婷婷, 尹兴斌, 董晓旭",2025,34(1),http://www.newdrug.cn/CN/Y2025/V34/I1,http://www.newdrug.cn/CN/PDF/10.20251/j.cnki.1003-3734.2025.01.009,10.20251/j.cnki.1003-3734.2025.01.009
16,药物毒理学技术的发展,"刘倩, 刘志伟, 顾爱华",2025,34(1),http://www.newdrug.cn/CN/Y2025/V34/I1,http://www.newdrug.cn/CN/PDF/10.20251/j.cnki.1003-3734.2025.01.010,10.20251/j.cnki.1003-3734.2025.01.010
17,盐酸奈必洛尔中潜在遗传毒性杂质的合成及检测方法的建立,"王艺璇, 黄海伟, 胡笑文, 张才煜, 庾莉菊, 袁松, 陈华",2025,34(1),http://www.newdrug.cn/CN/Y2025/V34/I1,http://www.newdrug.cn/CN/PDF/10.20251/j.cnki.1003-3734.2025.01.011,10.20251/j.cnki.1003-3734.2025.01.011
18,大果木姜子配方颗粒的工艺研究,"袁红飞, 肖金超, 周家华, 黄勇, 李月婷, 迟明艳, 郑林",2025,34(1),http://www.newdrug.cn/CN/Y2025/V34/I1,http://www.newdrug.cn/CN/PDF/10.20251/j.cnki.1003-3734.2025.01.012,10.20251/j.cnki.1003-3734.2025.01.012
19,19F qNMR法测定盐酸氟西汀常规固体口服制剂的含量,"李增鑫, 周晓力, 刘万卉, 尹利辉",2025,34(1),http://www.newdrug.cn/CN/Y2025/V34/I1,http://www.newdrug.cn/CN/PDF/10.20251/j.cnki.1003-3734.2025.01.013,10.20251/j.cnki.1003-3734.2025.01.013
20,Box-Behnken响应面法优化大籽蒿膏的炮制工艺及其质量控制研究,"王悦, 王亚倩, 丁银, 苟晓玲, 黄雪梅, 谢雨宸, 张静, 范刚",2025,34(1),http://www.newdrug.cn/CN/Y2025/V34/I1,http://www.newdrug.cn/CN/PDF/10.20251/j.cnki.1003-3734.2025.01.014,10.20251/j.cnki.1003-3734.2025.01.014
21,德曲妥珠单抗在晚期或转移性乳腺癌治疗中的快速卫生技术评估,"姜伊, 张卓, 刘倩欣, 张志琪, 刘晓, 周颖",2025,34(1),http://www.newdrug.cn/CN/Y2025/V34/I1,http://www.newdrug.cn/CN/PDF/10.20251/j.cnki.1003-3734.2025.01.015,10.20251/j.cnki.1003-3734.2025.01.015
151,中药材大品种专利及创新趋势分析,"张婧悦, 魏曦, 何文静, 李文",2025,34(10),http://www.newdrug.cn/CN/Y2025/V34/I10,http://www.newdrug.cn/CN/PDF/10.20251/j.cnki.1003-3734.2025.10.001,10.20251/j.cnki.1003-3734.2025.10.001
152,治疗精神分裂症的新型药物Cobenfy,"张宏强, 霍小宁, 封俊, 刘新发, 张丽, 武琦",2025,34(10),http://www.newdrug.cn/CN/Y2025/V34/I10,http://www.newdrug.cn/CN/PDF/10.20251/j.cnki.1003-3734.2025.10.002,10.20251/j.cnki.1003-3734.2025.10.002
153,真实世界证据支持美国FDA对新药的上市审评决策研究,"李泽宇, 杨悦",2025,34(10),http://www.newdrug.cn/CN/Y2025/V34/I10,http://www.newdrug.cn/CN/PDF/10.20251/j.cnki.1003-3734.2025.10.007,10.20251/j.cnki.1003-3734.2025.10.007
154,国外药品注册电子提交系统研究与思考,"殷翠香, 李海玲, 张原",2025,34(10),http://www.newdrug.cn/CN/Y2025/V34/I10,http://www.newdrug.cn/CN/PDF/10.20251/j.cnki.1003-3734.2025.10.003,10.20251/j.cnki.1003-3734.2025.10.003
155,境外生产化学药品注册检验常见问题分析研究,"李文龙, 王雪蕾, 谭丽媛, 魏京京, 门瑛璇, 吴朝阳, 师佳, 王岩, 张庆生",2025,34(10),http://www.newdrug.cn/CN/Y2025/V34/I10,http://www.newdrug.cn/CN/PDF/10.20251/j.cnki.1003-3734.2025.10.004,10.20251/j.cnki.1003-3734.2025.10.004
156,抗精神病药临床试验的非劣效界值确定,"程青青, 王蕊, 王晶晶, 唐代茂, 张凌霄, 许羚, 尹芳, 杨娟, 吕映华, 郑青山, 沈一峰, 李华芳, 司天梅",2025,34(10),http://www.newdrug.cn/CN/Y2025/V34/I10,http://www.newdrug.cn/CN/PDF/10.20251/j.cnki.1003-3734.2025.10.005,10.20251/j.cnki.1003-3734.2025.10.005
157,基于ClinicalTrials.gov登记平台数据分析胰腺癌临床试验注册特征,"贺敬龙, 谢磊, 徐阳美, 成斌",2025,34(10),http://www.newdrug.cn/CN/Y2025/V34/I10,http://www.newdrug.cn/CN/PDF/10.20251/j.cnki.1003-3734.2025.10.006,10.20251/j.cnki.1003-3734.2025.10.006
158,儿科用热毒宁注射液刚离乳Beagle犬单次及4周重复给药毒性试验伴随毒代动力学试验研究,"孙祖越, 李芳, 郑驰阳, 陈丁实, 陈丽芬, 许丽, 闫晗, 王忠辉, 李雷, 王芬, 周莉",2025,34(10),http://www.newdrug.cn/CN/Y2025/V34/I10,http://www.newdrug.cn/CN/PDF/10.20251/j.cnki.1003-3734.2025.10.008,10.20251/j.cnki.1003-3734.2025.10.008
159,体外模型在药物致畸性研究中的应用进展,"方雅励, 李申宁, 周长慧, 崔文腾, 冯天意, 常艳",2025,34(10),http://www.newdrug.cn/CN/Y2025/V34/I10,http://www.newdrug.cn/CN/PDF/10.20251/j.cnki.1003-3734.2025.10.009,10.20251/j.cnki.1003-3734.2025.10.009
160,共价定点标记策略及其在放射性药物中的应用研究进展,"吴秋燕, 储金雨, 梁徐睿, 苏鹏远, 张雅, 邓皖苏, 黄鹤, 张涛",2025,34(10),http://www.newdrug.cn/CN/Y2025/V34/I10,http://www.newdrug.cn/CN/PDF/10.20251/j.cnki.1003-3734.2025.10.010,10.20251/j.cnki.1003-3734.2025.10.010
161,肝细胞生长因子治疗特发性肺纤维化概述,"葛佳宁, 顾丰华",2025,34(10),http://www.newdrug.cn/CN/Y2025/V34/I10,http://www.newdrug.cn/CN/PDF/10.20251/j.cnki.1003-3734.2025.10.011,10.20251/j.cnki.1003-3734.2025.10.011
162,中药活性成分仿生纳米递药系统应用于肝脏疾病的研究进展,"张裕彦, 曾勇珠, 钟华帅, 朱煜, 韦学, 黄晓亮, 黄秋洁, 叶勇",2025,34(10),http://www.newdrug.cn/CN/Y2025/V34/I10,http://www.newdrug.cn/CN/PDF/10.20251/j.cnki.1003-3734.2025.10.012,10.20251/j.cnki.1003-3734.2025.10.012
163,倾向性评分匹配分析强力枇杷露（无糖型）对尘肺患者咳嗽的疗效评价,"薛瑾, 唐美岸, 龙源, 张敏, 熊文静, 肖雄斌",2025,34(10),http://www.newdrug.cn/CN/Y2025/V34/I10,http://www.newdrug.cn/CN/PDF/10.20251/j.cnki.1003-3734.2025.10.014,10.20251/j.cnki.1003-3734.2025.10.014
164,我国儿科人群疫苗临床试验现状分析,"王婷谕, 李欣, 董亚闻, 孙燕燕",2025,34(10),http://www.newdrug.cn/CN/Y2025/V34/I10,http://www.newdrug.cn/CN/PDF/10.20251/j.cnki.1003-3734.2025.10.013,10.20251/j.cnki.1003-3734.2025.10.013
165,基于D-最优混料设计的婷柳制剂工艺及特征图谱研究,"吴薇, 刘华兰, 王悦, 嵇晶, 张云羽, 黄仕文, 程建明",2025,34(10),http://www.newdrug.cn/CN/Y2025/V34/I10,http://www.newdrug.cn/CN/PDF/10.20251/j.cnki.1003-3734.2025.10.015,10.20251/j.cnki.1003-3734.2025.10.015
166,LC-MS/MS法测定大鼠血浆中曲拉西利的浓度及药动学研究,"程天, 解伟伟, 张玉倩, 马英华, 杜英峰",2025,34(10),http://www.newdrug.cn/CN/Y2025/V34/I10,http://www.newdrug.cn/CN/PDF/10.20251/j.cnki.1003-3734.2025.10.016,10.20251/j.cnki.1003-3734.2025.10.016
167,复方黄柏液涂剂治疗带状疱疹的有效性和安全性Meta分析,"王月美, 武宁波, 朱亚梦, 李佩赛, 李领娥",2025,34(10),http://www.newdrug.cn/CN/Y2025/V34/I10,http://www.newdrug.cn/CN/PDF/10.20251/j.cnki.1003-3734.2025.10.017,10.20251/j.cnki.1003-3734.2025.10.017
168,细胞治疗产品生产质量管理特质分析与探讨,颜若曦,2025,34(11),http://www.newdrug.cn/CN/Y2025/V34/I11,http://www.newdrug.cn/CN/PDF/10.20251/j.cnki.1003-3734.2025.11.001,10.20251/j.cnki.1003-3734.2025.11.001
169,数字技术驱动下中药企业高质量创新组态路径研究,"张怡文, 牟春兰, 史冰绡",2025,34(11),http://www.newdrug.cn/CN/Y2025/V34/I11,http://www.newdrug.cn/CN/PDF/10.20251/j.cnki.1003-3734.2025.11.002,10.20251/j.cnki.1003-3734.2025.11.002
170,化学仿制药参比制剂动态管理的探索性研究,"杨东升, 冯玉飞, 刘年, 刘倩, 张广超, 牛剑钊, 马玲云",2025,34(11),http://www.newdrug.cn/CN/Y2025/V34/I11,http://www.newdrug.cn/CN/PDF/10.20251/j.cnki.1003-3734.2025.11.003,10.20251/j.cnki.1003-3734.2025.11.003
171,药品专利纠纷早期解决机制实务研究,孙明明,2025,34(11),http://www.newdrug.cn/CN/Y2025/V34/I11,http://www.newdrug.cn/CN/PDF/10.20251/j.cnki.1003-3734.2025.11.004,10.20251/j.cnki.1003-3734.2025.11.004
172,欧洲专利局对于第二医药用途发明专利充分公开审查中补交实验数据的考量,"洪梦实, 欧阳雪宇, 王芳菲",2025,34(11),http://www.newdrug.cn/CN/Y2025/V34/I11,http://www.newdrug.cn/CN/PDF/10.20251/j.cnki.1003-3734.2025.11.005,10.20251/j.cnki.1003-3734.2025.11.005
173,新生抗原预测流程研究进展,"戴逸飞, 谢雨佳, 张东, 魏学婧, 任峰, 陈爱萍",2025,34(11),http://www.newdrug.cn/CN/Y2025/V34/I11,http://www.newdrug.cn/CN/PDF/10.20251/j.cnki.1003-3734.2025.11.006,10.20251/j.cnki.1003-3734.2025.11.006
174,均相时间分辨荧光法测定依柯胰岛素生物学活性,"王绿音, 高婧, 李鹤洋, 张孝明, 吕萍, 李晶, 梁成罡",2025,34(11),http://www.newdrug.cn/CN/Y2025/V34/I11,http://www.newdrug.cn/CN/PDF/10.20251/j.cnki.1003-3734.2025.11.007,10.20251/j.cnki.1003-3734.2025.11.007
175,α1-抗胰蛋白酶的制备及其2种活性测定方法的对比分析,"付艳丽, 郭玉婷, 孔涛, 马亚茹, 梁凌宇, 陈勇",2025,34(11),http://www.newdrug.cn/CN/Y2025/V34/I11,http://www.newdrug.cn/CN/PDF/10.20251/j.cnki.1003-3734.2025.11.008,10.20251/j.cnki.1003-3734.2025.11.008
176,植入剂中聚合物的降解特性及其对释药行为的影响研究,"陆姝羽, 尹婕, 狄斌, 尹利辉",2025,34(11),http://www.newdrug.cn/CN/Y2025/V34/I11,http://www.newdrug.cn/CN/PDF/10.20251/j.cnki.1003-3734.2025.11.009,10.20251/j.cnki.1003-3734.2025.11.009
177,癌症相关性缺血性卒中：机制、生物标志物和治疗研究进展,"王宇昕, 徐智儒",2025,34(11),http://www.newdrug.cn/CN/Y2025/V34/I11,http://www.newdrug.cn/CN/PDF/10.20251/j.cnki.1003-3734.2025.11.010,10.20251/j.cnki.1003-3734.2025.11.010
178,国内外低分子肝素免疫原性评价的现状与展望,"白玉帛, 石德玲, 王浩然, 耿雨欣, 张群业, 迟连利, 石峰",2025,34(11),http://www.newdrug.cn/CN/Y2025/V34/I11,http://www.newdrug.cn/CN/PDF/10.20251/j.cnki.1003-3734.2025.11.011,10.20251/j.cnki.1003-3734.2025.11.011
179,HPLC法测定牛痘疫苗接种家兔炎症皮肤提取物注射液中的苯酚含量,"王硕, 张华捷, 薛妍华, 马霄",2025,34(11),http://www.newdrug.cn/CN/Y2025/V34/I11,http://www.newdrug.cn/CN/PDF/10.20251/j.cnki.1003-3734.2025.11.012,10.20251/j.cnki.1003-3734.2025.11.012
180,裕丹参提取物对db/db小鼠认知障碍及脑损伤的影响,"叶凯利, 曾梦楠, 曹兵, 郝凤霄, 郭彭莉, 张梓玉, 冯卫生, 郑晓珂",2025,34(11),http://www.newdrug.cn/CN/Y2025/V34/I11,http://www.newdrug.cn/CN/PDF/10.20251/j.cnki.1003-3734.2025.11.013,10.20251/j.cnki.1003-3734.2025.11.013
181,尿苷二磷酸葡糖醛酸转移酶1A1基因多态性与伊立替康及其脂质体的代谢和安全性关系,"王俊龙, 于丽杰, 王磊, 田茹, 李梅, 邱云良, 崔一民",2025,34(11),http://www.newdrug.cn/CN/Y2025/V34/I11,http://www.newdrug.cn/CN/PDF/10.20251/j.cnki.1003-3734.2025.11.014,10.20251/j.cnki.1003-3734.2025.11.014
182,全球小核酸药物的上市及临床研究现状分析,"杜慧, 肖宇锋, 张玢",2025,34(12),http://www.newdrug.cn/CN/Y2025/V34/I12,http://www.newdrug.cn/CN/PDF/10.20251/j.cnki.1003-3734.2025.12.001,10.20251/j.cnki.1003-3734.2025.12.001
183,罕见病药械产品研发创新价值探讨,"张燕玲, 马茗舒, 梁云, 邵蓉",2025,34(12),http://www.newdrug.cn/CN/Y2025/V34/I12,http://www.newdrug.cn/CN/PDF/10.20251/j.cnki.1003-3734.2025.12.002,10.20251/j.cnki.1003-3734.2025.12.002
184,基于三维视角的江苏省生物医药产业创新政策文本量化分析,"王明慧, 李军, 张怡萌, 董方正, 谢欣蓉, 邬镜净, 吕奕, 茅宁莹",2025,34(12),http://www.newdrug.cn/CN/Y2025/V34/I12,http://www.newdrug.cn/CN/PDF/10.20251/j.cnki.1003-3734.2025.12.003,10.20251/j.cnki.1003-3734.2025.12.003
185,ICP-MS法与AAS法测定丁酸氯维地平中砷含量的对比分析研究,"苏海, 张文婧, 庄杰, 牛剑钊, 刘倩",2025,34(12),http://www.newdrug.cn/CN/Y2025/V34/I12,http://www.newdrug.cn/CN/PDF/10.20251/j.cnki.1003-3734.2025.12.004,10.20251/j.cnki.1003-3734.2025.12.004
186,经典名方四逆汤治疗慢性心力衰竭的研究现状,"汪阳, 王凤荣",2025,34(12),http://www.newdrug.cn/CN/Y2025/V34/I12,http://www.newdrug.cn/CN/PDF/10.20251/j.cnki.1003-3734.2025.12.005,10.20251/j.cnki.1003-3734.2025.12.005
187,小分子胰高血糖素样肽-1受体激动剂的研究进展,"张鑫怡, 王天悯, 陈寅波, 张鹏, 朱雪焱",2025,34(12),http://www.newdrug.cn/CN/Y2025/V34/I12,http://www.newdrug.cn/CN/PDF/10.20251/j.cnki.1003-3734.2025.12.006,10.20251/j.cnki.1003-3734.2025.12.006
188,T细胞治疗抗肿瘤药物Ⅰ期临床试验的风险控制探讨,"方莹莹, 王兴河",2025,34(12),http://www.newdrug.cn/CN/Y2025/V34/I12,http://www.newdrug.cn/CN/PDF/10.20251/j.cnki.1003-3734.2025.12.007,10.20251/j.cnki.1003-3734.2025.12.007
189,利用层次分析法-基于指标相关性的权重确定方法与混料设计方法对通塞脉颗粒溶化性的改进,"汪盛华, 王书娟, 闫明, 王欣, 章晨峰, 王振中, 周恩丽, 肖伟",2025,34(12),http://www.newdrug.cn/CN/Y2025/V34/I12,http://www.newdrug.cn/CN/PDF/10.20251/j.cnki.1003-3734.2025.12.008,10.20251/j.cnki.1003-3734.2025.12.008
190,基于体外模拟消化/Caco-2细胞模型的地龙和全蝎中铅、砷致癌性风险评估研究,"左甜甜, 谢思敏, 金红宇, 刘静, 程显隆, 魏锋",2025,34(12),http://www.newdrug.cn/CN/Y2025/V34/I12,http://www.newdrug.cn/CN/PDF/10.20251/j.cnki.1003-3734.2025.12.009,10.20251/j.cnki.1003-3734.2025.12.009
191,口服三价重配轮状病毒减毒活疫苗（Vero细胞）质量稳定性的初步评价,"童彦军, 伏署光, 陈同, 冯娇丽, 刘翔鹏, 张建斌, 李佳林",2025,34(12),http://www.newdrug.cn/CN/Y2025/V34/I12,http://www.newdrug.cn/CN/PDF/10.20251/j.cnki.1003-3734.2025.12.010,10.20251/j.cnki.1003-3734.2025.12.010
192,基于分子对接和斑马鱼模型探究天南星醇提物抗癫痫的分子机制,"高黎, 郑远腾, 王海涛, 靳梦",2025,34(12),http://www.newdrug.cn/CN/Y2025/V34/I12,http://www.newdrug.cn/CN/PDF/10.20251/j.cnki.1003-3734.2025.12.011,10.20251/j.cnki.1003-3734.2025.12.011
193,重组人酸性成纤维细胞生长因子治疗糖尿病足溃疡的药物经济学评价,"黄果, 隋梦芸, 朱贺, 韩晟, 史录文",2025,34(12),http://www.newdrug.cn/CN/Y2025/V34/I12,http://www.newdrug.cn/CN/PDF/10.20251/j.cnki.1003-3734.2025.12.012,10.20251/j.cnki.1003-3734.2025.12.012
194,复方碳酸钙颗粒治疗营养性佝偻病的系统评价与药物经济学分析,"占梦汝, 李艳, 田晨惠, 张芮豪, 曹译, 陈平钰",2025,34(12),http://www.newdrug.cn/CN/Y2025/V34/I12,http://www.newdrug.cn/CN/PDF/10.20251/j.cnki.1003-3734.2025.12.013,10.20251/j.cnki.1003-3734.2025.12.013
195,羧基麦芽糖铁与口服铁剂的疗效比较：缺铁性贫血全程化管理中真实世界研究,"徐珍珍, 赵小琴, 翁捷, 郭文彬, 高巧珍, 张玮嘉, 许贞书, 林艳娟, 连晓岚",2025,34(12),http://www.newdrug.cn/CN/Y2025/V34/I12,http://www.newdrug.cn/CN/PDF/10.20251/j.cnki.1003-3734.2025.12.014,10.20251/j.cnki.1003-3734.2025.12.014
196,阿贝西利致不良反应文献分析,"耿继红, 都彩莹, 韩冰, 张传洲, 全香花",2025,34(12),http://www.newdrug.cn/CN/Y2025/V34/I12,http://www.newdrug.cn/CN/PDF/10.20251/j.cnki.1003-3734.2025.12.015,10.20251/j.cnki.1003-3734.2025.12.015
197,政策驱动下中国儿童用药发展成效分析,"梁宇光, 丁倩, 王谦, 张萌, 郭春彦, 郭鹏",2025,34(13),http://www.newdrug.cn/CN/Y2025/V34/I13,http://www.newdrug.cn/CN/PDF/10.20251/j.cnki.1003-3734.2025.13.001,10.20251/j.cnki.1003-3734.2025.13.001
198,提升血液制品生产效率的模式优化策略,"李泽宇, 徐杨, 刘云鹏, 卢奎林, 余鼎, 杨悦",2025,34(13),http://www.newdrug.cn/CN/Y2025/V34/I13,http://www.newdrug.cn/CN/PDF/10.20251/j.cnki.1003-3734.2025.13.002,10.20251/j.cnki.1003-3734.2025.13.002
199,基于文本可视化的中美药品监管科学政策演化对比分析,"焦祖芳, 李军, 兰娅菲, 茅宁莹",2025,34(13),http://www.newdrug.cn/CN/Y2025/V34/I13,http://www.newdrug.cn/CN/PDF/10.20251/j.cnki.1003-3734.2025.13.003,10.20251/j.cnki.1003-3734.2025.13.003
200,欧洲EMA指导原则制定特点及启示,"孙潭霖, 许真玉",2025,34(13),http://www.newdrug.cn/CN/Y2025/V34/I13,http://www.newdrug.cn/CN/PDF/10.20251/j.cnki.1003-3734.2025.13.004,10.20251/j.cnki.1003-3734.2025.13.004
201,2018—2023年中美创新药审批趋势及创新性分析,"张东, 任峰, 牛寒冬, 陈爱萍, 张景辰",2025,34(13),http://www.newdrug.cn/CN/Y2025/V34/I13,http://www.newdrug.cn/CN/PDF/10.20251/j.cnki.1003-3734.2025.13.005,10.20251/j.cnki.1003-3734.2025.13.005
202,药物研发中的大语言模型研究与应用进展,"郭金龙, 许鑫, 刘丽丽, 毛艳艳",2025,34(13),http://www.newdrug.cn/CN/Y2025/V34/I13,http://www.newdrug.cn/CN/PDF/10.20251/j.cnki.1003-3734.2025.13.006,10.20251/j.cnki.1003-3734.2025.13.006
203,棘白菌素类抗生素的质量研究(上),"李彬, 田冶, 邸欣, 李进, 宁保明",2025,34(13),http://www.newdrug.cn/CN/Y2025/V34/I13,http://www.newdrug.cn/CN/PDF/10.20251/j.cnki.1003-3734.2025.13.007,10.20251/j.cnki.1003-3734.2025.13.007
204,左亚叶酸在消化道肿瘤化疗增敏中的临床应用中国专家共识,"刘波, 张宏艳",2025,34(13),http://www.newdrug.cn/CN/Y2025/V34/I13,http://www.newdrug.cn/CN/PDF/10.20251/j.cnki.1003-3734.2025.13.008,10.20251/j.cnki.1003-3734.2025.13.008
205,恩沃利单抗联合卡培他滨治疗TERT突变型晚期胆管癌1例,"王开宇, 郭天宇, 张雷, 赵昊宇, 卫泽源, 刘也夫, 马作红",2025,34(13),http://www.newdrug.cn/CN/Y2025/V34/I13,http://www.newdrug.cn/CN/PDF/10.20251/j.cnki.1003-3734.2025.13.009,10.20251/j.cnki.1003-3734.2025.13.009
206,白茅根化学成分与药理作用研究进展及其质量标志物预测,"李帅印, 杨萍, 葸慧荣, 陈挺, 李喜香",2025,34(13),http://www.newdrug.cn/CN/Y2025/V34/I13,http://www.newdrug.cn/CN/PDF/10.20251/j.cnki.1003-3734.2025.13.010,10.20251/j.cnki.1003-3734.2025.13.010
207,基于超高效合相色谱法的紫苏叶和白苏叶快速定性与定量分析,"聂黎行, 黄烈岩, 王馨平, 薛丹, 康帅, 魏锋",2025,34(13),http://www.newdrug.cn/CN/Y2025/V34/I13,http://www.newdrug.cn/CN/PDF/10.20251/j.cnki.1003-3734.2025.13.011,10.20251/j.cnki.1003-3734.2025.13.011
208,尿液和血清代谢组学探究葶苈子沉降组分对哮喘大鼠的调节作用,"张金英, 周宁, 王永祥, 冯卫生, 郑晓珂",2025,34(13),http://www.newdrug.cn/CN/Y2025/V34/I13,http://www.newdrug.cn/CN/PDF/10.20251/j.cnki.1003-3734.2025.13.012,10.20251/j.cnki.1003-3734.2025.13.012
209,基于指纹图谱结合化学计量学分析枣仁安神液质量及主要成分含量测定研究,"王少卿, 孙慧珠, 苏建, 潘美璐, 刘英杰, 刘雪莉",2025,34(13),http://www.newdrug.cn/CN/Y2025/V34/I13,http://www.newdrug.cn/CN/PDF/10.20251/j.cnki.1003-3734.2025.13.013,10.20251/j.cnki.1003-3734.2025.13.013
210,基于FAERS数据库的西达基奥仑赛不良事件信号挖掘与分析,"王慧滢, 田丽娟",2025,34(13),http://www.newdrug.cn/CN/Y2025/V34/I13,http://www.newdrug.cn/CN/PDF/10.20251/j.cnki.1003-3734.2025.13.014,10.20251/j.cnki.1003-3734.2025.13.014
211,肿瘤相关发热性中性粒细胞减少预防中国专家共识（2024年版）,"刘波, 张宏艳",2025,34(14),http://www.newdrug.cn/CN/Y2025/V34/I14,http://www.newdrug.cn/CN/PDF/10.20251/j.cnki.1003-3734.2025.14.001,10.20251/j.cnki.1003-3734.2025.14.001
212,消化系统肿瘤治疗新药曲氟尿苷替匹嘧啶,"史蕤, 张艳华",2025,34(14),http://www.newdrug.cn/CN/Y2025/V34/I14,http://www.newdrug.cn/CN/PDF/10.20251/j.cnki.1003-3734.2025.14.002,10.20251/j.cnki.1003-3734.2025.14.002
213,从最新行政和司法实践看补交实验数据的提交,"白雪, 于凡, 欧阳雪宇, 周静",2025,34(14),http://www.newdrug.cn/CN/Y2025/V34/I14,http://www.newdrug.cn/CN/PDF/10.20251/j.cnki.1003-3734.2025.14.003,10.20251/j.cnki.1003-3734.2025.14.003
214,国内药企研发与成果转化效率测算、影响因素及政府干预政策——以京津冀地区A股医药制造业上市企业为例,"翟金龙, 傅书勇",2025,34(14),http://www.newdrug.cn/CN/Y2025/V34/I14,http://www.newdrug.cn/CN/PDF/10.20251/j.cnki.1003-3734.2025.14.004,10.20251/j.cnki.1003-3734.2025.14.004
215,基于浏览器/服务器架构的药品全流程闭环追溯系统在医院中的应用,"焦梦宁, 胡宝祥, 郭武栋, 王立慈, 孙超",2025,34(14),http://www.newdrug.cn/CN/Y2025/V34/I14,http://www.newdrug.cn/CN/PDF/10.20251/j.cnki.1003-3734.2025.14.005,10.20251/j.cnki.1003-3734.2025.14.005
216,基于电子舌与口尝试验结合的儿童中药适口性评价,"郭春彦, 戚淑叶, 张怡, 孙一鑫, 游龙泰, 张萌, 王谦, 丁倩, 梅冬, 王晓玲, 郭鹏",2025,34(14),http://www.newdrug.cn/CN/Y2025/V34/I14,http://www.newdrug.cn/CN/PDF/10.20251/j.cnki.1003-3734.2025.14.006,10.20251/j.cnki.1003-3734.2025.14.006
217,中东呼吸综合征冠状病毒抗体依赖性增强效应的研究进展,"姜宇, 徐婷婷, 周莉, 李晨洁, 瞿琳, 邱云良",2025,34(14),http://www.newdrug.cn/CN/Y2025/V34/I14,http://www.newdrug.cn/CN/PDF/10.20251/j.cnki.1003-3734.2025.14.007,10.20251/j.cnki.1003-3734.2025.14.007
218,新型降糖药治疗非酒精性脂肪性肝病的研究进展,"白玉涵, 岳文, 宫国华, 毛宇",2025,34(14),http://www.newdrug.cn/CN/Y2025/V34/I14,http://www.newdrug.cn/CN/PDF/10.20251/j.cnki.1003-3734.2025.14.008,10.20251/j.cnki.1003-3734.2025.14.008
219,通络祛痛膏穴位贴敷治疗神经根型颈椎病疗效的回顾性研究,"孟淑辉, 冯静静, 管民, 马振凯, 周志龙, 吴立恒, 朱良付",2025,34(14),http://www.newdrug.cn/CN/Y2025/V34/I14,http://www.newdrug.cn/CN/PDF/10.20251/j.cnki.1003-3734.2025.14.009,10.20251/j.cnki.1003-3734.2025.14.009
220,药物临床试验暂停原因分析,"谢振伟, 封宇飞",2025,34(14),http://www.newdrug.cn/CN/Y2025/V34/I14,http://www.newdrug.cn/CN/PDF/10.20251/j.cnki.1003-3734.2025.14.010,10.20251/j.cnki.1003-3734.2025.14.010
221,数据监查委员会在“氯吡格雷和阿司匹林治疗急性缺血性卒中及高危短暂性脑缺血发作”临床试验中的关键作用与实践解析,"董乃嘉, 杜雅薇, 吴圣贤",2025,34(14),http://www.newdrug.cn/CN/Y2025/V34/I14,http://www.newdrug.cn/CN/PDF/10.20251/j.cnki.1003-3734.2025.14.011,10.20251/j.cnki.1003-3734.2025.14.011
222,应用腺相关病毒8递送blinatumomab靶向CD19治疗淋巴瘤的体外和体内药效,"孟玉静, 赵振宇",2025,34(14),http://www.newdrug.cn/CN/Y2025/V34/I14,http://www.newdrug.cn/CN/PDF/10.20251/j.cnki.1003-3734.2025.14.012,10.20251/j.cnki.1003-3734.2025.14.012
223,乌梅丸抑制表皮炎症介导的Th2型炎症反应治疗特应性皮炎的机制研究,"杨胜晋, 刘金洁, 邓世俊, 鲁诚, 刘燕娇, 张祎, 王睿睿, 张丽娟",2025,34(14),http://www.newdrug.cn/CN/Y2025/V34/I14,http://www.newdrug.cn/CN/PDF/10.20251/j.cnki.1003-3734.2025.14.013,10.20251/j.cnki.1003-3734.2025.14.013
224,往复架法测定双氯芬酸钠贴体外释放度研究,"项梦茹, 李显庆, 堵伟锋, 吴虹, 谢子立",2025,34(14),http://www.newdrug.cn/CN/Y2025/V34/I14,http://www.newdrug.cn/CN/PDF/10.20251/j.cnki.1003-3734.2025.14.014,10.20251/j.cnki.1003-3734.2025.14.014
225,盘龙七片治疗类风湿关节炎的临床综合评价,"李彤, 朱文涛, 薛培",2025,34(14),http://www.newdrug.cn/CN/Y2025/V34/I14,http://www.newdrug.cn/CN/PDF/10.20251/j.cnki.1003-3734.2025.14.015,10.20251/j.cnki.1003-3734.2025.14.015
226,基于广义线性模型探讨某三甲医院临床科室接诉即办工单量的影响因素分析,"刘洪雷, 赵双, 刘诗卉",2025,34(14),http://www.newdrug.cn/CN/Y2025/V34/I14,http://www.newdrug.cn/CN/PDF/10.20251/j.cnki.1003-3734.2025.14.016,10.20251/j.cnki.1003-3734.2025.14.016
227,川芎化学成分、药理作用及质量标志物的预测分析,"刘现磊, 李琨, 孙文静, 李旭阳, 李锦燕, 孟伟亭, 王晓艳, 张明亮, 李伟霞, 唐进法",2025,34(15),http://www.newdrug.cn/CN/Y2025/V34/I15,http://www.newdrug.cn/CN/PDF/10.20251/j.cnki.1003-3734.2025.15.001,10.20251/j.cnki.1003-3734.2025.15.001
228,金匮肾气丸的历史沿革、化学成分、药理作用及质量标志物预测分析,"董一磊, 冯科冉, 郑博文, 韩博洋, 刘飞岩, 李曼曼, 李伟霞, 王晓艳, 张辉, 吴娅丽, 杨柳青, 张明亮, 陈小菲, 唐进法",2025,34(15),http://www.newdrug.cn/CN/Y2025/V34/I15,http://www.newdrug.cn/CN/PDF/10.20251/j.cnki.1003-3734.2025.15.002,10.20251/j.cnki.1003-3734.2025.15.002
229,淡竹叶化学成分、药理作用研究进展及质量标志物预测,"蒋晓龙, 刘新月, 贾雨祺, 王静一, 展照双, 王加锋",2025,34(15),http://www.newdrug.cn/CN/Y2025/V34/I15,http://www.newdrug.cn/CN/PDF/10.20251/j.cnki.1003-3734.2025.15.003,10.20251/j.cnki.1003-3734.2025.15.003
230,基于化学成分、网络药理学的葛根汤质量标志物预测分析,"蒋康, 杨雪梅, 张京华, 夏玉凤",2025,34(15),http://www.newdrug.cn/CN/Y2025/V34/I15,http://www.newdrug.cn/CN/PDF/10.20251/j.cnki.1003-3734.2025.15.004,10.20251/j.cnki.1003-3734.2025.15.004
231,赤芍的化学成分、药理作用和质量标志物的预测分析,"张悦, 付晓琪, 徐紫晨, 朱飞飞, 展照双, 王加锋",2025,34(15),http://www.newdrug.cn/CN/Y2025/V34/I15,http://www.newdrug.cn/CN/PDF/10.20251/j.cnki.1003-3734.2025.15.005,10.20251/j.cnki.1003-3734.2025.15.005
232,龙胆化学成分、药理作用研究进展及质量标志物预测分析,"付晓琪, 张悦, 徐紫晨, 赵翔凤, 孙荣娟, 辛丹, 展照双, 王加锋",2025,34(15),http://www.newdrug.cn/CN/Y2025/V34/I15,http://www.newdrug.cn/CN/PDF/10.20251/j.cnki.1003-3734.2025.15.006,10.20251/j.cnki.1003-3734.2025.15.006
233,火麻仁化学成分、药理作用研究进展及质量标志物预测,"刘紫薇, 徐紫晨, 朱飞飞, 展照双, 王加锋",2025,34(15),http://www.newdrug.cn/CN/Y2025/V34/I15,http://www.newdrug.cn/CN/PDF/10.20251/j.cnki.1003-3734.2025.15.007,10.20251/j.cnki.1003-3734.2025.15.007
234,荷叶的化学成分、药理作用研究进展及质量标志物预测,"王静一, 徐紫晨, 陈曙光, 贾雨祺, 展照双, 王加锋",2025,34(15),http://www.newdrug.cn/CN/Y2025/V34/I15,http://www.newdrug.cn/CN/PDF/10.20251/j.cnki.1003-3734.2025.15.008,10.20251/j.cnki.1003-3734.2025.15.008
235,新型抗精神病药：棕榈帕利哌酮酯注射液（6M）,"涂顺, 吴青艳, 陈彬彬, 吕海燕, 刘发荣",2025,34(15),http://www.newdrug.cn/CN/Y2025/V34/I15,http://www.newdrug.cn/CN/PDF/10.20251/j.cnki.1003-3734.2025.15.009,10.20251/j.cnki.1003-3734.2025.15.009
236,一种用于精神分裂症的新型阿立哌唑微球长效制剂的药动学、疗效和安全性研究,"李安宁, 崔一民, 靳胜春, 尚德为, 郭剑雄, 蔺华利, 张明, 魏波, 万凤, 谭云龙, 王丽莉, 周建初, 刘萍, 范莲莲, 孙菊水, 陈斌, 王刚",2025,34(15),http://www.newdrug.cn/CN/Y2025/V34/I15,http://www.newdrug.cn/CN/PDF/10.20251/j.cnki.1003-3734.2025.15.010,10.20251/j.cnki.1003-3734.2025.15.010
237,HPLC法同时测定复合维生素B注射液中4种成分的含量,"耿颖, 黄慧芬, 魏宁漪, 陈华",2025,34(15),http://www.newdrug.cn/CN/Y2025/V34/I15,http://www.newdrug.cn/CN/PDF/10.20251/j.cnki.1003-3734.2025.15.011,10.20251/j.cnki.1003-3734.2025.15.011
238,基于TCMIP和实验验证探讨藏药三味檀香散舒张肺小动脉的物质基础和作用机制,"潘旭, 王义文, 白海军, 芦殿香, 李占强, 杨占婷",2025,34(15),http://www.newdrug.cn/CN/Y2025/V34/I15,http://www.newdrug.cn/CN/PDF/10.20251/j.cnki.1003-3734.2025.15.012,10.20251/j.cnki.1003-3734.2025.15.012
239,基于UHPLC-DAD和UHPLC-Q-Exactive Plus Orbitrap HRMS的贵州金丝桃指纹图谱建立和化学成分分析,"何宇, 杨博, 邵飞麟, 孙飞, 孙佳, 陆苑, 潘洁, 黄勇, 李勇军, 刘春花",2025,34(15),http://www.newdrug.cn/CN/Y2025/V34/I15,http://www.newdrug.cn/CN/PDF/10.20251/j.cnki.1003-3734.2025.15.013,10.20251/j.cnki.1003-3734.2025.15.013
240,细叶远志皂苷对实验性自身免疫性脑脊髓炎小鼠的影响及机制,"李彦青, 李晓慧, 杨智超, 宋丽娟, 王青, 肖保国, 马存根",2025,34(15),http://www.newdrug.cn/CN/Y2025/V34/I15,http://www.newdrug.cn/CN/PDF/10.20251/j.cnki.1003-3734.2025.15.014,10.20251/j.cnki.1003-3734.2025.15.014
241,半参数空间滞后模型在我国医药制造业技术创新与产业发展关系研究中的应用,"张鑫铎, 毕海雁, 傅书勇",2025,34(16),http://www.newdrug.cn/CN/Y2025/V34/I16,http://www.newdrug.cn/CN/PDF/10.20251/j.cnki.1003-3734.2025.16.001,10.20251/j.cnki.1003-3734.2025.16.001
242,关于“药辅同源”辅料的思考和建议,"孙会敏, 李锦, 李丹茜, 王珏, 赵霞, 宁保明, 姚尚辰",2025,34(16),http://www.newdrug.cn/CN/Y2025/V34/I16,http://www.newdrug.cn/CN/PDF/10.20251/j.cnki.1003-3734.2025.16.002,10.20251/j.cnki.1003-3734.2025.16.002
243,政府补贴与罕见病药品企业创新效率关系实证研究,"翟金龙, 傅书勇",2025,34(16),http://www.newdrug.cn/CN/Y2025/V34/I16,http://www.newdrug.cn/CN/PDF/10.20251/j.cnki.1003-3734.2025.16.003,10.20251/j.cnki.1003-3734.2025.16.003
244,药理毒理学研究质量管理要点与现场核查关注考量,"袁铭, 陈一飞",2025,34(16),http://www.newdrug.cn/CN/Y2025/V34/I16,http://www.newdrug.cn/CN/PDF/10.20251/j.cnki.1003-3734.2025.16.004,10.20251/j.cnki.1003-3734.2025.16.004
245,国内外猴痘疫苗研发进展和审评策略,"吴颖琦, 刘颖, 邵一鸣",2025,34(16),http://www.newdrug.cn/CN/Y2025/V34/I16,http://www.newdrug.cn/CN/PDF/10.20251/j.cnki.1003-3734.2025.16.005,10.20251/j.cnki.1003-3734.2025.16.005
246,通过调节自噬影响脂代谢的新型降脂药研究进展,"计慧, 袁善慧, 陆云涛, 王倩, 唐辉",2025,34(16),http://www.newdrug.cn/CN/Y2025/V34/I16,http://www.newdrug.cn/CN/PDF/10.20251/j.cnki.1003-3734.2025.16.006,10.20251/j.cnki.1003-3734.2025.16.006
247,棘白菌素类抗生素的质量研究（下）,"李彬, 李进, 宁保明, 邸欣, 田冶",2025,34(16),http://www.newdrug.cn/CN/Y2025/V34/I16,http://www.newdrug.cn/CN/PDF/10.20251/j.cnki.1003-3734.2025.16.007,10.20251/j.cnki.1003-3734.2025.16.007
248,更年期血管舒缩症状新型治疗药物神经激肽3受体拮抗剂的临床研究进展,"郑链, 吴越, 李梅, 侯盈盈",2025,34(16),http://www.newdrug.cn/CN/Y2025/V34/I16,http://www.newdrug.cn/CN/PDF/10.20251/j.cnki.1003-3734.2025.16.008,10.20251/j.cnki.1003-3734.2025.16.008
249,穴位贴敷联合甲磺酸多沙唑嗪治疗肾虚血瘀型良性前列腺增生的临床研究,"巩瑛杰, 朱玉新, 樊艳美, 马儒, 于慧兰, 高筱松, 卢建新, 张亚强, 宋竖旗",2025,34(16),http://www.newdrug.cn/CN/Y2025/V34/I16,http://www.newdrug.cn/CN/PDF/10.20251/j.cnki.1003-3734.2025.16.009,10.20251/j.cnki.1003-3734.2025.16.009
250,基于报告基因法检测CpG QCX1佐剂体外生物活性方法的建立和验证,"葛君, 何鹏, 姜传文, 黄红颖, 张双, 卢锦标, 李建强, 胡忠玉",2025,34(16),http://www.newdrug.cn/CN/Y2025/V34/I16,http://www.newdrug.cn/CN/PDF/10.20251/j.cnki.1003-3734.2025.16.010,10.20251/j.cnki.1003-3734.2025.16.010
251,基于PI3K-AKT信号通路探讨良附滴丸抗胃溃疡的作用机制,"王昌富, 潘洁, 廖永娥, 陆苑, 刘春花, 孙佳, 郑林, 马雪, 李勇军",2025,34(16),http://www.newdrug.cn/CN/Y2025/V34/I16,http://www.newdrug.cn/CN/PDF/10.20251/j.cnki.1003-3734.2025.16.011,10.20251/j.cnki.1003-3734.2025.16.011
252,广藿香、广藿香叶与广藿香梗的HPLC指纹图谱及多成分含量测定研究,"高乐, 甄亚钦, 张泽昭, 解泽阳, 田伟, 牛丽颖",2025,34(16),http://www.newdrug.cn/CN/Y2025/V34/I16,http://www.newdrug.cn/CN/PDF/10.20251/j.cnki.1003-3734.2025.16.012,10.20251/j.cnki.1003-3734.2025.16.012
253,基于电子鼻与HS-GC-MS技术的不同产地木香气味差异分析,"李宁, 王艺凝, 高乐, 姜晓娅, 张泽昭, 牛丽颖",2025,34(16),http://www.newdrug.cn/CN/Y2025/V34/I16,http://www.newdrug.cn/CN/PDF/10.20251/j.cnki.1003-3734.2025.16.013,10.20251/j.cnki.1003-3734.2025.16.013
254,瑞波西利一线治疗绝经前妇女HR+/HER2-晚期或转移性乳腺癌的药物经济学评价,"张森, 王洁, 李赛男, 王美祺, 巨英博, 王明霞, 贾才凤",2025,34(16),http://www.newdrug.cn/CN/Y2025/V34/I16,http://www.newdrug.cn/CN/PDF/10.20251/j.cnki.1003-3734.2025.16.014,10.20251/j.cnki.1003-3734.2025.16.014
255,质量风险管控在中药制剂生产中的应用,"王珍, 崔鑫, 梁毅",2025,34(17),http://www.newdrug.cn/CN/Y2025/V34/I17,http://www.newdrug.cn/CN/PDF/10.20251/j.cnki.1003-3734.2025.17.001,10.20251/j.cnki.1003-3734.2025.17.001
256,奥贝胆酸专利技术分析,"王星, 朱芳",2025,34(17),http://www.newdrug.cn/CN/Y2025/V34/I17,http://www.newdrug.cn/CN/PDF/10.20251/j.cnki.1003-3734.2025.17.002,10.20251/j.cnki.1003-3734.2025.17.002
257,电子递交下的药品注册全生命周期管理研究,"郁倩雯, 田丽娟",2025,34(17),http://www.newdrug.cn/CN/Y2025/V34/I17,http://www.newdrug.cn/CN/PDF/10.20251/j.cnki.1003-3734.2025.17.003,10.20251/j.cnki.1003-3734.2025.17.003
258,mRNA药物载体非临床安全性评价研究进展,"张屹坤, 侯田田, 金紫怡, 黄瑛, 耿兴超",2025,34(17),http://www.newdrug.cn/CN/Y2025/V34/I17,http://www.newdrug.cn/CN/PDF/10.20251/j.cnki.1003-3734.2025.17.004,10.20251/j.cnki.1003-3734.2025.17.004
259,重组人甲状旁腺素1-84单次及连续给药人体安全性及药动学研究,"张凝, 曹唯仪, 訾明杰, 王淑阁, 赵迎盼, 陆芳, 高蕊, 杨春, 张林红, 郭心磊, 李睿",2025,34(17),http://www.newdrug.cn/CN/Y2025/V34/I17,http://www.newdrug.cn/CN/PDF/10.20251/j.cnki.1003-3734.2025.17.005,10.20251/j.cnki.1003-3734.2025.17.005
260,LC-MS/MS法测定人血浆中艾沙康唑浓度,"赵振寰, 荆伟丽, 韩冰, 王凯, 徐文",2025,34(17),http://www.newdrug.cn/CN/Y2025/V34/I17,http://www.newdrug.cn/CN/PDF/10.20251/j.cnki.1003-3734.2025.17.006,10.20251/j.cnki.1003-3734.2025.17.006
261,多种微量元素注射液(I)对小儿阑尾炎术后炎症指标的影响,"白成浩, 沈淳, 宋再",2025,34(17),http://www.newdrug.cn/CN/Y2025/V34/I17,http://www.newdrug.cn/CN/PDF/10.20251/j.cnki.1003-3734.2025.17.007,10.20251/j.cnki.1003-3734.2025.17.007
262,针对用药时机的临床研究设计要点与思考,"郑湘宜, 张根明, 田紫煜, 高颖, 赖新星",2025,34(17),http://www.newdrug.cn/CN/Y2025/V34/I17,http://www.newdrug.cn/CN/PDF/10.20251/j.cnki.1003-3734.2025.17.008,10.20251/j.cnki.1003-3734.2025.17.008
263,Caco-2细胞模型结合单向肠灌流法探究去氢骆驼蓬碱衍生物H-2-168的肠吸收特性,"徐勤伟, 滕亮, 陈蓓, 马芹, 李金新, 黄雨杰, 高惠静",2025,34(17),http://www.newdrug.cn/CN/Y2025/V34/I17,http://www.newdrug.cn/CN/PDF/10.20251/j.cnki.1003-3734.2025.17.009,10.20251/j.cnki.1003-3734.2025.17.009
264,第14批磷酸组胺国家对照品的研制,"张媛, 郭龙静, 杨泽岸, 谭德讲, 吴彦霖",2025,34(17),http://www.newdrug.cn/CN/Y2025/V34/I17,http://www.newdrug.cn/CN/PDF/10.20251/j.cnki.1003-3734.2025.17.010,10.20251/j.cnki.1003-3734.2025.17.010
265,瑞香狼毒抗炎消肿有效部位及其作用机制研究,"乌日尼乐, 吉木斯, 那生桑",2025,34(17),http://www.newdrug.cn/CN/Y2025/V34/I17,http://www.newdrug.cn/CN/PDF/10.20251/j.cnki.1003-3734.2025.17.011,10.20251/j.cnki.1003-3734.2025.17.011
266,维药热依汗颗粒质量分析研究,"刘德永, 王新春, 帕依曼·亥米提, 黄川生, 何承辉",2025,34(17),http://www.newdrug.cn/CN/Y2025/V34/I17,http://www.newdrug.cn/CN/PDF/10.20251/j.cnki.1003-3734.2025.17.012,10.20251/j.cnki.1003-3734.2025.17.012
267,基于化学计量学与熵权-灰色关联度法的清心沉香八味散（丸）综合质量研究,"刘成东, 张谦, 陆景坤, 陈佳惠, 杨蓉, 翟雪钰, 李君, 王跃武",2025,34(17),http://www.newdrug.cn/CN/Y2025/V34/I17,http://www.newdrug.cn/CN/PDF/10.20251/j.cnki.1003-3734.2025.17.013,10.20251/j.cnki.1003-3734.2025.17.013
268,琥珀酸亚铁片治疗妊娠期缺铁性贫血有效性和安全性的系统评价,"陈卓, 高丽, 王辉, 刘璐, 闫美兴",2025,34(17),http://www.newdrug.cn/CN/Y2025/V34/I17,http://www.newdrug.cn/CN/PDF/10.20251/j.cnki.1003-3734.2025.17.014,10.20251/j.cnki.1003-3734.2025.17.014
269,我国免疫检查点抑制剂相关心肌炎的文献病例回顾性分析,"吴玉佩, 王泽普, 郭少伟, 王苗苗, 尹岳松, 张丽娜",2025,34(17),http://www.newdrug.cn/CN/Y2025/V34/I17,http://www.newdrug.cn/CN/PDF/10.20251/j.cnki.1003-3734.2025.17.015,10.20251/j.cnki.1003-3734.2025.17.015
270,基于FAERS数据库对阿伐可泮不良事件信号挖掘与分析,"赵建群, 关丽叶, 王志恒, 于泽芳, 马银玲",2025,34(17),http://www.newdrug.cn/CN/Y2025/V34/I17,http://www.newdrug.cn/CN/PDF/10.20251/j.cnki.1003-3734.2025.17.016,10.20251/j.cnki.1003-3734.2025.17.016
271,基于专利信息的我国中药发酵技术发展态势分析,"孙青山, 魏紫琪, 马艺闻",2025,34(18),http://www.newdrug.cn/CN/Y2025/V34/I18,http://www.newdrug.cn/CN/PDF/10.20251/j.cnki.1003-3734.2025.18.001,10.20251/j.cnki.1003-3734.2025.18.001
272,2024年全球获批上市的原创新药：回顾与展望,"杨臻峥, 王孜涵, 王昀, 孙友松, 陈倩, 郑禄枫",2025,34(18),http://www.newdrug.cn/CN/Y2025/V34/I18,http://www.newdrug.cn/CN/PDF/10.20251/j.cnki.1003-3734.2025.18.002,10.20251/j.cnki.1003-3734.2025.18.002
273,基于SWOT分析的我国中小型制药企业药品注册管理研究,"李霞, 田丽娟",2025,34(18),http://www.newdrug.cn/CN/Y2025/V34/I18,http://www.newdrug.cn/CN/PDF/10.20251/j.cnki.1003-3734.2025.18.003,10.20251/j.cnki.1003-3734.2025.18.003
274,低分子肝素类药品国家标准制定的考量,"杨茜, 周怡, 李慧义",2025,34(18),http://www.newdrug.cn/CN/Y2025/V34/I18,http://www.newdrug.cn/CN/PDF/10.20251/j.cnki.1003-3734.2025.18.004,10.20251/j.cnki.1003-3734.2025.18.004
275,外部技术获取对生物医药产业创新绩效的影响,"赵燕琳, 杨莉",2025,34(18),http://www.newdrug.cn/CN/Y2025/V34/I18,http://www.newdrug.cn/CN/PDF/10.20251/j.cnki.1003-3734.2025.18.005,10.20251/j.cnki.1003-3734.2025.18.005
276,单核细胞活化反应检查法在热原检测中的应用研究进展,"刘思华, 方昱, 洪启浩, 闫文慧, 苏桂民, 杜琳",2025,34(18),http://www.newdrug.cn/CN/Y2025/V34/I18,http://www.newdrug.cn/CN/PDF/10.20251/j.cnki.1003-3734.2025.18.006,10.20251/j.cnki.1003-3734.2025.18.006
277,中药挥发油乳剂的制备与评价研究进展,"闫博, 侯效英, 张楠, 韩雪梅, 赵青, 吴国泰",2025,34(18),http://www.newdrug.cn/CN/Y2025/V34/I18,http://www.newdrug.cn/CN/PDF/10.20251/j.cnki.1003-3734.2025.18.007,10.20251/j.cnki.1003-3734.2025.18.007
278,芳香烃受体相关信号调节通路及其与疾病关联的研究进展,"李慧敏, 张弘, 吴彦霖",2025,34(18),http://www.newdrug.cn/CN/Y2025/V34/I18,http://www.newdrug.cn/CN/PDF/10.20251/j.cnki.1003-3734.2025.18.008,10.20251/j.cnki.1003-3734.2025.18.008
279,急性冠脉综合征患者应用英克司兰与PCSK9单抗的真实世界研究,"李婷婷, 王林, 罗玮, 许景涵, 丛洪良",2025,34(18),http://www.newdrug.cn/CN/Y2025/V34/I18,http://www.newdrug.cn/CN/PDF/10.20251/j.cnki.1003-3734.2025.18.009,10.20251/j.cnki.1003-3734.2025.18.009
280,丹参-淫羊藿不同配比中特征成分的量-质变化相关性研究,"祁昱彤, 孟硕, 彭勍, 林力, 任钧国, 张淼, 刘建勋",2025,34(18),http://www.newdrug.cn/CN/Y2025/V34/I18,http://www.newdrug.cn/CN/PDF/10.20251/j.cnki.1003-3734.2025.18.010,10.20251/j.cnki.1003-3734.2025.18.010
281,基于网络药理学和体外实验探讨广金钱草缓解胆汁淤积性肝病的作用机制,"智月平, 张可锋, 唐子轩, 张志远, 高雅, 曹后康",2025,34(18),http://www.newdrug.cn/CN/Y2025/V34/I18,http://www.newdrug.cn/CN/PDF/10.20251/j.cnki.1003-3734.2025.18.011,10.20251/j.cnki.1003-3734.2025.18.011
282,质量提取法对甘油果糖氯化钠注射液包装系统的密封性研究,"郭燕燕, 张莞英, 成婕, 邱怡婷, 王晓兰, 黄琬莎, 胡敏, 任锟, 江燕",2025,34(18),http://www.newdrug.cn/CN/Y2025/V34/I18,http://www.newdrug.cn/CN/PDF/10.20251/j.cnki.1003-3734.2025.18.012,10.20251/j.cnki.1003-3734.2025.18.012
283,基于社会角度的罕见病用药经济学评价的系统评价,"杨盟雨, 王琳宁, 王钾鑫, 顾潇, 郭鑫鑫, 刘禹宏, 宋媛, 路云",2025,34(18),http://www.newdrug.cn/CN/Y2025/V34/I18,http://www.newdrug.cn/CN/PDF/10.20251/j.cnki.1003-3734.2025.18.013,10.20251/j.cnki.1003-3734.2025.18.013
284,维布妥昔单抗治疗复发/难治性霍奇金淋巴瘤的快速卫生技术评估,"刘倩欣, 张卓, 张志琪, 庞晓丛, 周颖",2025,34(18),http://www.newdrug.cn/CN/Y2025/V34/I18,http://www.newdrug.cn/CN/PDF/10.20251/j.cnki.1003-3734.2025.18.014,10.20251/j.cnki.1003-3734.2025.18.014
285,罕见病药品医疗器械立法的经验借鉴与中国路径,"许迎玲, 杨悦",2025,34(19),http://www.newdrug.cn/CN/Y2025/V34/I19,http://www.newdrug.cn/CN/PDF/10.20251/j.cnki.1003-3734.2025.19.001,10.20251/j.cnki.1003-3734.2025.19.001
286,我国罕见病药物政策梳理及实施效果研究,"崔娜, 刘凯, 董全亮, 田丽娟",2025,34(19),http://www.newdrug.cn/CN/Y2025/V34/I19,http://www.newdrug.cn/CN/PDF/10.20251/j.cnki.1003-3734.2025.19.002,10.20251/j.cnki.1003-3734.2025.19.002
287,新法规下药物临床研究中的人类遗传资源管理实践与思考,"倪琪, 刘毅",2025,34(19),http://www.newdrug.cn/CN/Y2025/V34/I19,http://www.newdrug.cn/CN/PDF/10.20251/j.cnki.1003-3734.2025.19.003,10.20251/j.cnki.1003-3734.2025.19.003
288,蛋白酶体的生理病理学作用及靶向药物研发进展,"左锐, 周秋华, 季晓君, 苏进财, 徐丹, 吴舰",2025,34(19),http://www.newdrug.cn/CN/Y2025/V34/I19,http://www.newdrug.cn/CN/PDF/10.20251/j.cnki.1003-3734.2025.19.004,10.20251/j.cnki.1003-3734.2025.19.004
289,临床试验终止审查的现状、难点和对策,"赵晓禹, 周吉银",2025,34(19),http://www.newdrug.cn/CN/Y2025/V34/I19,http://www.newdrug.cn/CN/PDF/10.20251/j.cnki.1003-3734.2025.19.005,10.20251/j.cnki.1003-3734.2025.19.005
290,艾斯氯胺酮对成人患者术后恢复质量影响的临床研究进展,"耿志宇, 白明欣",2025,34(19),http://www.newdrug.cn/CN/Y2025/V34/I19,http://www.newdrug.cn/CN/PDF/10.20251/j.cnki.1003-3734.2025.19.006,10.20251/j.cnki.1003-3734.2025.19.006
291,类器官在子宫内膜生理模型、疾病机制和治疗研究中的应用,"田书婷, 刘莉, 邓轶方",2025,34(19),http://www.newdrug.cn/CN/Y2025/V34/I19,http://www.newdrug.cn/CN/PDF/10.20251/j.cnki.1003-3734.2025.19.007,10.20251/j.cnki.1003-3734.2025.19.007
292,基于分子对接的沉香倍半萜防治失眠的作用机制预测研究,"王灿红, 弓宝, 吴玉兰, 牟俊宇, 程小玲, 魏建和",2025,34(19),http://www.newdrug.cn/CN/Y2025/V34/I19,http://www.newdrug.cn/CN/PDF/10.20251/j.cnki.1003-3734.2025.19.008,10.20251/j.cnki.1003-3734.2025.19.008
293,基于网络药理学研究六神曲对脾虚便秘小鼠胃肠激素及肠道菌群的影响,"梁雪娟, 陈玲珑, 冯小龙, 刘巨立, 彭艳梅, 田其学",2025,34(19),http://www.newdrug.cn/CN/Y2025/V34/I19,http://www.newdrug.cn/CN/PDF/10.20251/j.cnki.1003-3734.2025.19.009,10.20251/j.cnki.1003-3734.2025.19.009
294,吸入用雷芬那辛溶液空气动力学粒径分布测定,"曹婷, 王雪, 袁丹, 赵文杰, 汪敏, 刘阿利",2025,34(19),http://www.newdrug.cn/CN/Y2025/V34/I19,http://www.newdrug.cn/CN/PDF/10.20251/j.cnki.1003-3734.2025.19.010,10.20251/j.cnki.1003-3734.2025.19.010
295,克立硼罗软膏在中国健康受试者外用条件下的生物等效性研究,"隋鑫, 王华伟, 李晓斌, 吴秀君, 李美烨, 王宁, 王文萍",2025,34(19),http://www.newdrug.cn/CN/Y2025/V34/I19,http://www.newdrug.cn/CN/PDF/10.20251/j.cnki.1003-3734.2025.19.011,10.20251/j.cnki.1003-3734.2025.19.011
296,莪术-三棱水煎液中倍半萜和含氮化合物的分离鉴定及抗卵巢癌的生物信息学分析,"黎明霞, 徐冠玲, 孙梦豫, 张凤, 马嘉慕, 杨咏琪, 杨雨晴, 应乐天, 姚鉴玲, 曹妤, 折改梅",2025,34(19),http://www.newdrug.cn/CN/Y2025/V34/I19,http://www.newdrug.cn/CN/PDF/10.20251/j.cnki.1003-3734.2025.19.012,10.20251/j.cnki.1003-3734.2025.19.012
297,度普利尤单抗对比奥马珠单抗治疗重度哮喘的成本-效用分析,"许诺铭, 江欣悦, 贺小宁",2025,34(19),http://www.newdrug.cn/CN/Y2025/V34/I19,http://www.newdrug.cn/CN/PDF/10.20251/j.cnki.1003-3734.2025.19.013,10.20251/j.cnki.1003-3734.2025.19.013
298,氟维司群致血液系统不良反应分析,"马冰洁, 王雨, 苍爱军",2025,34(19),http://www.newdrug.cn/CN/Y2025/V34/I19,http://www.newdrug.cn/CN/PDF/10.20251/j.cnki.1003-3734.2025.19.014,10.20251/j.cnki.1003-3734.2025.19.014
299,复方黄柏液涂剂治疗混合痔临床应用专家共识（2025年）,"杨会举, 刘佃温",2025,34(19),http://www.newdrug.cn/CN/Y2025/V34/I19,http://www.newdrug.cn/CN/PDF/10.20251/j.cnki.1003-3734.2025.19.015,10.20251/j.cnki.1003-3734.2025.19.015
22,中医证候疗效评价量表研制指南,"王建新, 孙明月, 吕行, 郭曼萍, 代欣玥, 杨巧宁, 申春悌, 元唯安, 王天芳, 连凤梅, 刘树林, 张磊, 谢雁鸣, 王忠, 王保和, 黄宇虹, 刘文娜, 高蕊",2025,34(2),http://www.newdrug.cn/CN/Y2025/V34/I2,http://www.newdrug.cn/CN/PDF/10.20251/j.cnki.1003-3734.2025.02.001,10.20251/j.cnki.1003-3734.2025.02.001
23,全球视域下罕见病用药可及性管理的比较分析与经验借鉴,"张奇林, 庞昕, 马黎黎",2025,34(2),http://www.newdrug.cn/CN/Y2025/V34/I2,http://www.newdrug.cn/CN/PDF/10.20251/j.cnki.1003-3734.2025.02.002,10.20251/j.cnki.1003-3734.2025.02.002
24,美国、欧盟、日本药品检查员培训体系建设的经验和启示,"孙金瑶, 吴方, 郭鲁波, 张永泽",2025,34(2),http://www.newdrug.cn/CN/Y2025/V34/I2,http://www.newdrug.cn/CN/PDF/10.20251/j.cnki.1003-3734.2025.02.003,10.20251/j.cnki.1003-3734.2025.02.003
25,特殊药品标准物质订购申请的审核要点分析与应用,"高志峰, 安然, 谢丽华, 吴先富, 杨会英",2025,34(2),http://www.newdrug.cn/CN/Y2025/V34/I2,http://www.newdrug.cn/CN/PDF/10.20251/j.cnki.1003-3734.2025.02.004,10.20251/j.cnki.1003-3734.2025.02.004
26,医疗机构中药制剂转化关键问题思考,"叶心怡, 罗李娜",2025,34(2),http://www.newdrug.cn/CN/Y2025/V34/I2,http://www.newdrug.cn/CN/PDF/10.20251/j.cnki.1003-3734.2025.02.005,10.20251/j.cnki.1003-3734.2025.02.005
27,宫颈癌体内外模型研究进展,"高杰, 刘珉宇, 邓轶方",2025,34(2),http://www.newdrug.cn/CN/Y2025/V34/I2,http://www.newdrug.cn/CN/PDF/10.20251/j.cnki.1003-3734.2025.02.006,10.20251/j.cnki.1003-3734.2025.02.006
28,小檗碱无载体自组装纳米药物的研究进展,"张爱琳, 关枫, 李伟男, 韩凤娟, 王艳宏",2025,34(2),http://www.newdrug.cn/CN/Y2025/V34/I2,http://www.newdrug.cn/CN/PDF/10.20251/j.cnki.1003-3734.2025.02.007,10.20251/j.cnki.1003-3734.2025.02.007
29,蛤蚧疗肺片预防放射性肺炎的临床疗效,"姜文婷, 高丽娟, 鲍文彬, 宋丽丽, 石少庆, 侯博群, 王昕莉, 李志, 张学良, 宋维珊, 王頔, 俞岩",2025,34(2),http://www.newdrug.cn/CN/Y2025/V34/I2,http://www.newdrug.cn/CN/PDF/10.20251/j.cnki.1003-3734.2025.02.008,10.20251/j.cnki.1003-3734.2025.02.008
30,溶出搅拌桨不同偏心距离下搅拌器流场的计算流体动力学模拟研究,"田渤琳, 夏振炎, 李进, 常祎卓, 宁保明, 赵海山",2025,34(2),http://www.newdrug.cn/CN/Y2025/V34/I2,http://www.newdrug.cn/CN/PDF/10.20251/j.cnki.1003-3734.2025.02.009,10.20251/j.cnki.1003-3734.2025.02.009
31,基于网络药理学和细胞实验探究异绿原酸A对阿尔茨海默病的干预作用,"郝凤霄, 曾梦楠, 曹兵, 梁喜文, 叶凯利, 冯卫生, 郑晓珂",2025,34(2),http://www.newdrug.cn/CN/Y2025/V34/I2,http://www.newdrug.cn/CN/PDF/10.20251/j.cnki.1003-3734.2025.02.010,10.20251/j.cnki.1003-3734.2025.02.010
32,基于药效团模型对麻黄与细辛中抑制Toll样受体4化合物的虚拟筛选,"李佳颖, 邓芳, 黄慧学, 梁晓",2025,34(2),http://www.newdrug.cn/CN/Y2025/V34/I2,http://www.newdrug.cn/CN/PDF/10.20251/j.cnki.1003-3734.2025.02.011,10.20251/j.cnki.1003-3734.2025.02.011
33,路路通的UHPLC双检测指纹图谱及多指标成分测定方法研究,"王昌宇, 张鑫华, 柴瑞平, 张璐, 陶新玉, 章弘扬, 胡坪",2025,34(2),http://www.newdrug.cn/CN/Y2025/V34/I2,http://www.newdrug.cn/CN/PDF/10.20251/j.cnki.1003-3734.2025.02.012,10.20251/j.cnki.1003-3734.2025.02.012
34,UPLC-CAD法测定疏风再造丸中葛根素、橙皮苷、人参皂苷Rb1及甘草酸铵的含量,"郝云芳, 杜娟, 史宪海, 杨艳, 郑喆, 连云岚",2025,34(2),http://www.newdrug.cn/CN/Y2025/V34/I2,http://www.newdrug.cn/CN/PDF/10.20251/j.cnki.1003-3734.2025.02.013,10.20251/j.cnki.1003-3734.2025.02.013
35,以酸敏感腙键为连接子的靶向NGR肽修饰阿霉素的合成与性能研究,"程丹丹, 郭虎, 黎可, 沈鸿雁",2025,34(2),http://www.newdrug.cn/CN/Y2025/V34/I2,http://www.newdrug.cn/CN/PDF/10.20251/j.cnki.1003-3734.2025.02.014,10.20251/j.cnki.1003-3734.2025.02.014
36,奥妥珠单抗致不良反应文献分析,"朱文靖, 郭超, 朱文兵, 王君萍",2025,34(2),http://www.newdrug.cn/CN/Y2025/V34/I2,http://www.newdrug.cn/CN/PDF/10.20251/j.cnki.1003-3734.2025.02.015,10.20251/j.cnki.1003-3734.2025.02.015
37,阴道用微生态制剂治疗细菌性阴道病临床综合评价,"赖丽婷, 朱建红, 霍晓潼, 张田甜, 蒋杰, 伍俊妍, 李沙",2025,34(2),http://www.newdrug.cn/CN/Y2025/V34/I2,http://www.newdrug.cn/CN/PDF/10.20251/j.cnki.1003-3734.2025.02.016,10.20251/j.cnki.1003-3734.2025.02.016
300,干细胞产品的临床前致瘤性评价技术研究进展,"金紫怡, 侯田田, 张屹坤, 黄瑛, 耿兴超",2025,34(20),http://www.newdrug.cn/CN/Y2025/V34/I20,http://www.newdrug.cn/CN/PDF/10.20251/j.cnki.1003-3734.2025.20.001,10.20251/j.cnki.1003-3734.2025.20.001
301,干细胞体外免疫原性研究进展,"侯田田, 金紫怡, 姜华, 李路路, 黄瑛, 王三龙",2025,34(20),http://www.newdrug.cn/CN/Y2025/V34/I20,http://www.newdrug.cn/CN/PDF/10.20251/j.cnki.1003-3734.2025.20.002,10.20251/j.cnki.1003-3734.2025.20.002
302,体内基因治疗最新研究进展及挑战,"王杉, 王嫱, 刘艳",2025,34(20),http://www.newdrug.cn/CN/Y2025/V34/I20,http://www.newdrug.cn/CN/PDF/10.20251/j.cnki.1003-3734.2025.20.003,10.20251/j.cnki.1003-3734.2025.20.003
303,间充质干细胞生物学效力检测方法研究进展,"王进美, 秦美蓉, 王平, 王冰",2025,34(20),http://www.newdrug.cn/CN/Y2025/V34/I20,http://www.newdrug.cn/CN/PDF/10.20251/j.cnki.1003-3734.2025.20.004,10.20251/j.cnki.1003-3734.2025.20.004
304,中国干细胞临床研究进展及其登记备案管理,"张凯强, 王悦, 仲伟, 朱华渊, 王媛慧, 黄一欢, 井源浩, 李汶汶, 叶荣, 苏钰文",2025,34(20),http://www.newdrug.cn/CN/Y2025/V34/I20,http://www.newdrug.cn/CN/PDF/10.20251/j.cnki.1003-3734.2025.20.005,10.20251/j.cnki.1003-3734.2025.20.005
305,综合性离体致心律失常风险评估倡议下基于人源性心肌细胞开展心脏毒性评估的研究进展,"曾芸茜, 赵琪, 杨浩, 侯敏博, 杨淑雯, 滕伊洋, 汪溪洁",2025,34(20),http://www.newdrug.cn/CN/Y2025/V34/I20,http://www.newdrug.cn/CN/PDF/10.20251/j.cnki.1003-3734.2025.20.006,10.20251/j.cnki.1003-3734.2025.20.006
306,人脐带间充质干细胞对实验性自身免疫性脑脊髓炎小鼠的治疗作用及其机制探索,"黄瑛, 金紫怡, 郝晓芳, 侯田田, 秦超, 张屹坤, 耿兴超",2025,34(20),http://www.newdrug.cn/CN/Y2025/V34/I20,http://www.newdrug.cn/CN/PDF/10.20251/j.cnki.1003-3734.2025.20.007,10.20251/j.cnki.1003-3734.2025.20.007
307,新药非临床研究一般考虑及案例分析,"徐阳美, 万江帆, 倪穗颖, 贺敬龙, 谢磊, 成斌",2025,34(20),http://www.newdrug.cn/CN/Y2025/V34/I20,http://www.newdrug.cn/CN/PDF/10.20251/j.cnki.1003-3734.2025.20.008,10.20251/j.cnki.1003-3734.2025.20.008
308,“以患者为中心”的药物研发患者体验数据收集探讨,"肖梦丽, 赵迎盼, 邱攀博, 张慧娥, 冀瑾瑾, 程玉荣, 赵梦杰, 陆芳",2025,34(20),http://www.newdrug.cn/CN/Y2025/V34/I20,http://www.newdrug.cn/CN/PDF/10.20251/j.cnki.1003-3734.2025.20.009,10.20251/j.cnki.1003-3734.2025.20.009
309,临床研究协调员核心胜任力实证研究,"张邦禹, 蒋一丹, 张玲",2025,34(20),http://www.newdrug.cn/CN/Y2025/V34/I20,http://www.newdrug.cn/CN/PDF/10.20251/j.cnki.1003-3734.2025.20.010,10.20251/j.cnki.1003-3734.2025.20.010
310,全自动血凝仪测定瑞替普酶效价研究,"王绿音, 白璧炜, 许凯心, 王宇晨, 吕萍, 李懿, 李晶",2025,34(20),http://www.newdrug.cn/CN/Y2025/V34/I20,http://www.newdrug.cn/CN/PDF/10.20251/j.cnki.1003-3734.2025.20.011,10.20251/j.cnki.1003-3734.2025.20.011
311,"咪唑[1,2-a]嘧啶类人体尿酸盐转运体抑制剂的设计、合成与构效关系研究","楼金芳, 李大伟, 徐思聪, 陈强, 张金柱, 张剑, 李园园, 谭世界, 郭军凯, 邵谦, 刘雪松, 苗雷",2025,34(20),http://www.newdrug.cn/CN/Y2025/V34/I20,http://www.newdrug.cn/CN/PDF/10.20251/j.cnki.1003-3734.2025.20.012,10.20251/j.cnki.1003-3734.2025.20.012
312,基于比例失衡法对抗体-药物偶联物上市后心血管毒性信号的检测与评价,"尹岳松, 靳会欣, 郭少伟, 徐晓飞, 吴玉佩, 张丽娜, 邱志宏, 李庆霞",2025,34(20),http://www.newdrug.cn/CN/Y2025/V34/I20,http://www.newdrug.cn/CN/PDF/10.20251/j.cnki.1003-3734.2025.20.013,10.20251/j.cnki.1003-3734.2025.20.013
313,复方黄柏液涂剂治疗肛周脓肿和肛瘘临床应用专家共识,"张立泽, 赵刚",2025,34(20),http://www.newdrug.cn/CN/Y2025/V34/I20,http://www.newdrug.cn/CN/PDF/10.20251/j.cnki.1003-3734.2025.20.014,10.20251/j.cnki.1003-3734.2025.20.014
314,《中药口服制剂生产过程质量控制研究技术指导原则（试行）》解读,"陈霞, 阳长明, 韩炜, 曲建博, 杨平, 陈浩",2025,34(21),http://www.newdrug.cn/CN/Y2025/V34/I21,http://www.newdrug.cn/CN/PDF/10.20251/j.cnki.1003-3734.2025.21.001,10.20251/j.cnki.1003-3734.2025.21.001
315,知识产权视角下孤儿药研发与创新态势分析,原静,2025,34(21),http://www.newdrug.cn/CN/Y2025/V34/I21,http://www.newdrug.cn/CN/PDF/10.20251/j.cnki.1003-3734.2025.21.002,10.20251/j.cnki.1003-3734.2025.21.002
316,对微型片剂（化学药品）药学研究的思考,"吴一凡, 刘福利, 王亚敏",2025,34(21),http://www.newdrug.cn/CN/Y2025/V34/I21,http://www.newdrug.cn/CN/PDF/10.20251/j.cnki.1003-3734.2025.21.003,10.20251/j.cnki.1003-3734.2025.21.003
317,基于注册登记平台的慢性心力衰竭中药临床试验特征分析与质量评价,"谢磊, 贺敬龙, 张敏, 陈思齐, 钟兰萍, 成斌",2025,34(21),http://www.newdrug.cn/CN/Y2025/V34/I21,http://www.newdrug.cn/CN/PDF/10.20251/j.cnki.1003-3734.2025.21.004,10.20251/j.cnki.1003-3734.2025.21.004
318,肌萎缩侧索硬化症的病理机制与药物研究现状,"陈毅恒, 白祎名, 颜彩琴, 王喆, 刘艾林",2025,34(21),http://www.newdrug.cn/CN/Y2025/V34/I21,http://www.newdrug.cn/CN/PDF/10.20251/j.cnki.1003-3734.2025.21.005,10.20251/j.cnki.1003-3734.2025.21.005
319,党参治疗冠心病的作用机制研究进展,"康荣峰, 姚昱吏, 南丹慧, 陈正君, 刘旭霞, 杨扶德, 冯永辉",2025,34(21),http://www.newdrug.cn/CN/Y2025/V34/I21,http://www.newdrug.cn/CN/PDF/10.20251/j.cnki.1003-3734.2025.21.006,10.20251/j.cnki.1003-3734.2025.21.006
320,基于专利数据的前蛋白转化酶枯草溶菌素9抑制剂研发现状分析,马艳林,2025,34(21),http://www.newdrug.cn/CN/Y2025/V34/I21,http://www.newdrug.cn/CN/PDF/10.20251/j.cnki.1003-3734.2025.21.007,10.20251/j.cnki.1003-3734.2025.21.007
321,疏肝健脾养心方治疗肝郁脾虚型失眠障碍的多中心随机双盲安慰对照临床研究,"王旭, 张杰, 赵敏, 宋晓雨, 段建平, 马森, 郭洋, 王潇纯, 张红菊, 王峰",2025,34(21),http://www.newdrug.cn/CN/Y2025/V34/I21,http://www.newdrug.cn/CN/PDF/10.20251/j.cnki.1003-3734.2025.21.008,10.20251/j.cnki.1003-3734.2025.21.008
322,藏药红花如意丸治疗原发性痛经有效性和安全性的真实世界研究,"张可隽, 牛冰倩, 李倩, 靳路阔, 罗晓梅, 边文会, 陈慧娟, 焦瑞芹, 侯晶晶, 郭凤荷, 崔珺, 方进芬, 刘成藏, 崔梦姣, 宋文文, 龚承凤, 刘东涌, 田桂芳, 申卫平, 许浪萍, 李素芳, 陈美霞, 高素云, 杨爱玲, 郝志峰, 杨立",2025,34(21),http://www.newdrug.cn/CN/Y2025/V34/I21,http://www.newdrug.cn/CN/PDF/10.20251/j.cnki.1003-3734.2025.21.009,10.20251/j.cnki.1003-3734.2025.21.009
323,药物直达临床试验参与者模式在临床试验中实施的专家共识,"江旻, 刘晓红, 房虹, 仇琪, 傅志英, 袁延楠, 赵淑华, 任伟",2025,34(21),http://www.newdrug.cn/CN/Y2025/V34/I21,http://www.newdrug.cn/CN/PDF/10.20251/j.cnki.1003-3734.2025.21.010,10.20251/j.cnki.1003-3734.2025.21.010
324,使用DRS origin软件建立HPLC替代对照品法测定防风中升麻素苷、5-O-甲基维斯阿米醇苷、升麻素、亥茅酚苷的含量,"孔德娟, 左甜甜, 盛雪, 嵇增云, 邹广鑫, 田佳勋, 王艳楠, 闫凤杰",2025,34(21),http://www.newdrug.cn/CN/Y2025/V34/I21,http://www.newdrug.cn/CN/PDF/10.20251/j.cnki.1003-3734.2025.21.011,10.20251/j.cnki.1003-3734.2025.21.011
325,共载多烯紫杉醇/姜黄素复合纳米粒的制备、表征及体外抗肿瘤活性,"关延彬, 李如梦, 雍符缜, 王鲁豫, 田雨冬, 孙彦君",2025,34(21),http://www.newdrug.cn/CN/Y2025/V34/I21,http://www.newdrug.cn/CN/PDF/10.20251/j.cnki.1003-3734.2025.21.012,10.20251/j.cnki.1003-3734.2025.21.012
326,海博麦布治疗原发性高胆固醇血症的临床综合评价,"江丽芳, 单文雅, 柳琳, 李琳, 高哲, 吕朵, 羊红玉, 卢晓阳",2025,34(21),http://www.newdrug.cn/CN/Y2025/V34/I21,http://www.newdrug.cn/CN/PDF/10.20251/j.cnki.1003-3734.2025.21.013,10.20251/j.cnki.1003-3734.2025.21.013
327,曲拉西利在广泛期小细胞肺癌中预防化疗所致骨髓抑制的系统评价与Meta分析,"王震寰, 赵莹, 邱婷婷, 刘冉佳, 武一, 郭明星, 李莹, 崔向丽",2025,34(21),http://www.newdrug.cn/CN/Y2025/V34/I21,http://www.newdrug.cn/CN/PDF/10.20251/j.cnki.1003-3734.2025.21.014,10.20251/j.cnki.1003-3734.2025.21.014
328,基于中成药规格等比例变化探讨《国家基本药物目录》药品规格,"赵新玥, 陈华, 耿颖",2025,34(22),http://www.newdrug.cn/CN/Y2025/V34/I22,http://www.newdrug.cn/CN/PDF/10.20251/j.cnki.1003-3734.2025.22.001,10.20251/j.cnki.1003-3734.2025.22.001
329,2020年以来中药创新药批准上市情况分析及思考,"吴晨悦, 韩炜, 曲建博, 唐溱, 王章伟, 申向荣, 阳长明",2025,34(22),http://www.newdrug.cn/CN/Y2025/V34/I22,http://www.newdrug.cn/CN/PDF/10.20251/j.cnki.1003-3734.2025.22.002,10.20251/j.cnki.1003-3734.2025.22.002
330,共晶药物的药学研究思考,"马骏威, 刘涓, 任连杰",2025,34(22),http://www.newdrug.cn/CN/Y2025/V34/I22,http://www.newdrug.cn/CN/PDF/10.20251/j.cnki.1003-3734.2025.22.003,10.20251/j.cnki.1003-3734.2025.22.003
331,中药专利申请中的实验数据审查问题研究,"孙青山, 姚佳, 李锴诺",2025,34(22),http://www.newdrug.cn/CN/Y2025/V34/I22,http://www.newdrug.cn/CN/PDF/10.20251/j.cnki.1003-3734.2025.22.004,10.20251/j.cnki.1003-3734.2025.22.004
332,抗基孔肯雅热药物研究进展,"李锦愉, 李松, 钟武",2025,34(22),http://www.newdrug.cn/CN/Y2025/V34/I22,http://www.newdrug.cn/CN/PDF/10.20251/j.cnki.1003-3734.2025.22.005,10.20251/j.cnki.1003-3734.2025.22.005
333,槟榔及其活性成分药理毒理作用的研究进展及临床应用展望,"元绍爽, 孙郑青, 张朝晖, 徐强",2025,34(22),http://www.newdrug.cn/CN/Y2025/V34/I22,http://www.newdrug.cn/CN/PDF/10.20251/j.cnki.1003-3734.2025.22.006,10.20251/j.cnki.1003-3734.2025.22.006
334,药物反应性代谢物的代谢途径、致毒机制及其检测方法研究进展,"冯伟莉, 刘莉, 邓轶方",2025,34(22),http://www.newdrug.cn/CN/Y2025/V34/I22,http://www.newdrug.cn/CN/PDF/10.20251/j.cnki.1003-3734.2025.22.007,10.20251/j.cnki.1003-3734.2025.22.007
335,重组人促红细胞生成素-Fc融合蛋白在肾性贫血患者中的药动学和药效学研究,"张文梅, 田芳, 曲恒燕, 许辉, 刘静, 杨春, 李晓雯, 郭心磊, 王家宁",2025,34(22),http://www.newdrug.cn/CN/Y2025/V34/I22,http://www.newdrug.cn/CN/PDF/10.20251/j.cnki.1003-3734.2025.22.008,10.20251/j.cnki.1003-3734.2025.22.008
336,皮肤外用中药新药半固体制剂Ⅰ期临床试验中的常见问题探析,"李施谕, 叶宇婕, 朱珠, 麻瀚文, 元唯安, 贺敏",2025,34(22),http://www.newdrug.cn/CN/Y2025/V34/I22,http://www.newdrug.cn/CN/PDF/10.20251/j.cnki.1003-3734.2025.22.009,10.20251/j.cnki.1003-3734.2025.22.009
337,人源化神经细胞模型多终点评价不同粒径纳米银的神经毒性研究,"仇静茹, 李双星, 纪英露, 杨艳伟, 张頔, 耿兴超, 屈哲",2025,34(22),http://www.newdrug.cn/CN/Y2025/V34/I22,http://www.newdrug.cn/CN/PDF/10.20251/j.cnki.1003-3734.2025.22.010,10.20251/j.cnki.1003-3734.2025.22.010
338,IgD-Fc-Ig融合蛋白抑制人类风湿细胞模型的作用及机制研究,"凌夕, 徐静, 李超圆, 解锦香, 陈梦琴, 刘丹彦, 董满玲, 吴甜甜, 魏伟, 吴育晶",2025,34(22),http://www.newdrug.cn/CN/Y2025/V34/I22,http://www.newdrug.cn/CN/PDF/10.20251/j.cnki.1003-3734.2025.22.011,10.20251/j.cnki.1003-3734.2025.22.011
339,九味止咳口服液治疗风热咳嗽证型急性支气管炎的药物经济学评价,"陈渔, 方刚, 皮志鹏, 李伟, 丁锦希",2025,34(22),http://www.newdrug.cn/CN/Y2025/V34/I22,http://www.newdrug.cn/CN/PDF/10.20251/j.cnki.1003-3734.2025.22.012,10.20251/j.cnki.1003-3734.2025.22.012
340,尼达尼布治疗肺纤维化的快速卫生技术评估,"张羽曦, 张冉冉, 高胜男, 高宁, 冯冰, 刘国强",2025,34(22),http://www.newdrug.cn/CN/Y2025/V34/I22,http://www.newdrug.cn/CN/PDF/10.20251/j.cnki.1003-3734.2025.22.013,10.20251/j.cnki.1003-3734.2025.22.013
341,2015—2024年登记中药新药Ⅱ期临床试验的特征分析,"雷翔, 赵晨, 戴顺, 孙豪, 徐娅, 欧阳绘天, 高春升, 程金莲",2025,34(23),http://www.newdrug.cn/CN/Y2025/V34/I23,http://www.newdrug.cn/CN/PDF/10.20251/j.cnki.1003-3734.2025.23.001,10.20251/j.cnki.1003-3734.2025.23.001
342,抗肿瘤治疗性抗体专利分析,"毕晴, 李杰",2025,34(23),http://www.newdrug.cn/CN/Y2025/V34/I23,http://www.newdrug.cn/CN/PDF/10.20251/j.cnki.1003-3734.2025.23.002,10.20251/j.cnki.1003-3734.2025.23.002
343,首个双重内皮素-血管紧张素受体拮抗剂Filspari (sparsentan),"关丽叶, 赵建群, 田冬冬, 吴玉佩, 方灵芝",2025,34(23),http://www.newdrug.cn/CN/Y2025/V34/I23,http://www.newdrug.cn/CN/PDF/10.20251/j.cnki.1003-3734.2025.23.003,10.20251/j.cnki.1003-3734.2025.23.003
344,中国临床试验数据被国际接受的难点及对策,"孙一卜, 郝恣若, 陈玉文",2025,34(23),http://www.newdrug.cn/CN/Y2025/V34/I23,http://www.newdrug.cn/CN/PDF/10.20251/j.cnki.1003-3734.2025.23.004,10.20251/j.cnki.1003-3734.2025.23.004
345,从美国FDA完全回应函看化药药学审评：关键缺陷与评价考量,"任峰, 程思绮, 姜涛, 陈爱萍, 汤志全, 张景辰",2025,34(23),http://www.newdrug.cn/CN/Y2025/V34/I23,http://www.newdrug.cn/CN/PDF/10.20251/j.cnki.1003-3734.2025.23.005,10.20251/j.cnki.1003-3734.2025.23.005
346,美国FDA完全回应函与审评报告视角下的新药多学科审评：以利培酮微球为例,"任峰, 程思绮, 姜涛, 陈爱萍, 汤志全, 张景辰",2025,34(23),http://www.newdrug.cn/CN/Y2025/V34/I23,http://www.newdrug.cn/CN/PDF/10.20251/j.cnki.1003-3734.2025.23.006,10.20251/j.cnki.1003-3734.2025.23.006
347,新型减重药物胰高血糖素样肽-1受体激动剂临床药理学研究的有关问题探讨,"王静, 李丽, 魏春敏",2025,34(23),http://www.newdrug.cn/CN/Y2025/V34/I23,http://www.newdrug.cn/CN/PDF/10.20251/j.cnki.1003-3734.2025.23.007,10.20251/j.cnki.1003-3734.2025.23.007
348,阿尔茨海默病生物标志物研究与应用进展,"张诗烨, 祁梅, 顾志荣, 葛斌",2025,34(23),http://www.newdrug.cn/CN/Y2025/V34/I23,http://www.newdrug.cn/CN/PDF/10.20251/j.cnki.1003-3734.2025.23.008,10.20251/j.cnki.1003-3734.2025.23.008
349,最小临床重要差异在经济性评价中的应用系统综述,"李严, 胡宏飞, 赵敏, 王迪, 高伟, 李洪超",2025,34(23),http://www.newdrug.cn/CN/Y2025/V34/I23,http://www.newdrug.cn/CN/PDF/10.20251/j.cnki.1003-3734.2025.23.009,10.20251/j.cnki.1003-3734.2025.23.009
350,中药双盲临床试验中研究者试验现场破盲风险评估内容构建及盲态保持建议,"杨芳芳, 潘定举",2025,34(23),http://www.newdrug.cn/CN/Y2025/V34/I23,http://www.newdrug.cn/CN/PDF/10.20251/j.cnki.1003-3734.2025.23.010,10.20251/j.cnki.1003-3734.2025.23.010
351,Ⅰ期临床试验生物样本信息化管理系统的创建与探索,"沈杰, 李沙, 赵娟, 龚莉, 杨辉尧, 李咏生, 钟明, 廖斌",2025,34(23),http://www.newdrug.cn/CN/Y2025/V34/I23,http://www.newdrug.cn/CN/PDF/10.20251/j.cnki.1003-3734.2025.23.011,10.20251/j.cnki.1003-3734.2025.23.011
352,基于UHPLC Q-Exactive Plus Orbitrap HRMS和HPLC-UV的川参通注射液化学成分定性和定量研究,"朱星宇, 张熊莉, 李华柳, 迟明艳, 黄勇, 郑林, 肖海涛, 何峰",2025,34(23),http://www.newdrug.cn/CN/Y2025/V34/I23,http://www.newdrug.cn/CN/PDF/10.20251/j.cnki.1003-3734.2025.23.012,10.20251/j.cnki.1003-3734.2025.23.012
353,复方丹参滴丸改善高脂血症ApoE-/-小鼠动脉粥样硬化的作用机制,"张双丽, 葛诗慧, 葛梓萌, 张贝贝, 苗明三, 王军, 苗晋鑫",2025,34(23),http://www.newdrug.cn/CN/Y2025/V34/I23,http://www.newdrug.cn/CN/PDF/10.20251/j.cnki.1003-3734.2025.23.013,10.20251/j.cnki.1003-3734.2025.23.013
354,阿兹夫定对布洛芬在健康受试者中的药动学影响,"龚梦, 刘小健, 鞠浩爽, 万元浩, 丁雪, 章盛邦, 贾亚强, 张微, 徐萍",2025,34(23),http://www.newdrug.cn/CN/Y2025/V34/I23,http://www.newdrug.cn/CN/PDF/10.20251/j.cnki.1003-3734.2025.23.014,10.20251/j.cnki.1003-3734.2025.23.014
355,免疫检查点抑制剂致肌炎、心肌炎和重症肌无力重叠综合征4例临床特征分析,"李潇, 张艳华",2025,34(23),http://www.newdrug.cn/CN/Y2025/V34/I23,http://www.newdrug.cn/CN/PDF/10.20251/j.cnki.1003-3734.2025.23.015,10.20251/j.cnki.1003-3734.2025.23.015
356,重组蛋白疫苗研发现状与趋势分析,"徐莉, 李欢, 刘敏, 李小静, 何伍",2025,34(24),http://www.newdrug.cn/CN/Y2025/V34/I24,http://www.newdrug.cn/CN/PDF/10.20251/j.cnki.1003-3734.2025.24.001,10.20251/j.cnki.1003-3734.2025.24.001
357,平台技术的应用与创新型单克隆抗体产品的监管思考,"邱晓, 王文波, 杨菲, 张梦梦, 巩旭, 韦薇",2025,34(24),http://www.newdrug.cn/CN/Y2025/V34/I24,http://www.newdrug.cn/CN/PDF/10.20251/j.cnki.1003-3734.2025.24.002,10.20251/j.cnki.1003-3734.2025.24.002
358,基于人工智能的新生抗原预测算法研究进展,"李倩, 王雪, 金湘琬儿, 寇雅真, 黄盈, 何伍",2025,34(24),http://www.newdrug.cn/CN/Y2025/V34/I24,http://www.newdrug.cn/CN/PDF/10.20251/j.cnki.1003-3734.2025.24.003,10.20251/j.cnki.1003-3734.2025.24.003
359,干细胞衍生胰岛细胞药物的质量风险管理及评价考虑,"刘丹, 卢加琪, 尹慧芳, 韦薇",2025,34(24),http://www.newdrug.cn/CN/Y2025/V34/I24,http://www.newdrug.cn/CN/PDF/10.20251/j.cnki.1003-3734.2025.24.004,10.20251/j.cnki.1003-3734.2025.24.004
360,基于细胞的再生医学治疗药品药学技术要求及展望,"韩冬梅, 董静, 韦薇",2025,34(24),http://www.newdrug.cn/CN/Y2025/V34/I24,http://www.newdrug.cn/CN/PDF/10.20251/j.cnki.1003-3734.2025.24.005,10.20251/j.cnki.1003-3734.2025.24.005
361,间充质细胞治疗药物质量控制及审评中常见问题分析,"程速远, 韩冬梅, 韦薇, 何伍",2025,34(24),http://www.newdrug.cn/CN/Y2025/V34/I24,http://www.newdrug.cn/CN/PDF/10.20251/j.cnki.1003-3734.2025.24.006,10.20251/j.cnki.1003-3734.2025.24.006
362,肿瘤治疗性疫苗研究进展及药学相关考虑,"王雪, 李倩, 杨菲, 何伍",2025,34(24),http://www.newdrug.cn/CN/Y2025/V34/I24,http://www.newdrug.cn/CN/PDF/10.20251/j.cnki.1003-3734.2025.24.007,10.20251/j.cnki.1003-3734.2025.24.007
363,肿瘤浸润淋巴细胞产品申报临床试验阶段药学审评关注点,"崔靖, 王雪, 韦薇",2025,34(24),http://www.newdrug.cn/CN/Y2025/V34/I24,http://www.newdrug.cn/CN/PDF/10.20251/j.cnki.1003-3734.2025.24.008,10.20251/j.cnki.1003-3734.2025.24.008
364,自体嵌合抗原受体T细胞产品上市后药学变更申报情况和审评考虑,"王靖宇, 王雪, 卢加琪, 韦薇",2025,34(24),http://www.newdrug.cn/CN/Y2025/V34/I24,http://www.newdrug.cn/CN/PDF/10.20251/j.cnki.1003-3734.2025.24.009,10.20251/j.cnki.1003-3734.2025.24.009
365,我国生物制品再注册药学审评思考及常见问题分析,袁蓉蓉,2025,34(24),http://www.newdrug.cn/CN/Y2025/V34/I24,http://www.newdrug.cn/CN/PDF/10.20251/j.cnki.1003-3734.2025.24.010,10.20251/j.cnki.1003-3734.2025.24.010
366,度拉糖肽生物类似药药学研究及相似性评价的一般考虑,"胡莹莹, 程速远",2025,34(24),http://www.newdrug.cn/CN/Y2025/V34/I24,http://www.newdrug.cn/CN/PDF/10.20251/j.cnki.1003-3734.2025.24.011,10.20251/j.cnki.1003-3734.2025.24.011
367,《治疗用重组蛋白产品临床试验申请病毒清除工艺平台验证技术指导原则（试行）》解读,"胡莹莹, 赛文博",2025,34(24),http://www.newdrug.cn/CN/Y2025/V34/I24,http://www.newdrug.cn/CN/PDF/10.20251/j.cnki.1003-3734.2025.24.012,10.20251/j.cnki.1003-3734.2025.24.012
368,重组糖蛋白激素使用体外方法替代体内生物学活性测定的审评考虑,"李怡君, 韦薇, 程速远",2025,34(24),http://www.newdrug.cn/CN/Y2025/V34/I24,http://www.newdrug.cn/CN/PDF/10.20251/j.cnki.1003-3734.2025.24.013,10.20251/j.cnki.1003-3734.2025.24.013
369,特异性人免疫球蛋白产品质量标准制定的考量,"贾燕花, 贾东晨, 于鹏丽, 吴舟一",2025,34(24),http://www.newdrug.cn/CN/Y2025/V34/I24,http://www.newdrug.cn/CN/PDF/10.20251/j.cnki.1003-3734.2025.24.014,10.20251/j.cnki.1003-3734.2025.24.014
370,罕见病酶替代疗法生物制品的药学审评常见问题思考,"阚红金, 程速远",2025,34(24),http://www.newdrug.cn/CN/Y2025/V34/I24,http://www.newdrug.cn/CN/PDF/10.20251/j.cnki.1003-3734.2025.24.015,10.20251/j.cnki.1003-3734.2025.24.015
371,双载荷抗体偶联药物研发进展和药学审评考虑,"陈昊, 李倩, 韦薇",2025,34(24),http://www.newdrug.cn/CN/Y2025/V34/I24,http://www.newdrug.cn/CN/PDF/10.20251/j.cnki.1003-3734.2025.24.016,10.20251/j.cnki.1003-3734.2025.24.016
373,治疗用重组生物制品制剂包装系统常见问题及审评考虑,"武勇凯, 李倩, 韦薇, 何伍",2025,34(24),http://www.newdrug.cn/CN/Y2025/V34/I24,http://www.newdrug.cn/CN/PDF/10.20251/j.cnki.1003-3734.2025.24.018,10.20251/j.cnki.1003-3734.2025.24.018
38,治疗免疫球蛋白A型肾病的非免疫抑制药物sparsentan,"计雅纯, 贾慧霞, 祁骏升",2025,34(3),http://www.newdrug.cn/CN/Y2025/V34/I3,http://www.newdrug.cn/CN/PDF/10.20251/j.cnki.1003-3734.2025.03.001,10.20251/j.cnki.1003-3734.2025.03.001
39,关于建立稳定性冠心病综合疗效评价体系的研究与思考,"许嘉芯, 代欣玥, 赵阳, 于滨洋, 高蕊",2025,34(3),http://www.newdrug.cn/CN/Y2025/V34/I3,http://www.newdrug.cn/CN/PDF/10.20251/j.cnki.1003-3734.2025.03.002,10.20251/j.cnki.1003-3734.2025.03.002
40,非小细胞肺癌核心技术主题识别及技术演化态势分析,"杨枫, 袁红梅",2025,34(3),http://www.newdrug.cn/CN/Y2025/V34/I3,http://www.newdrug.cn/CN/PDF/10.20251/j.cnki.1003-3734.2025.03.003,10.20251/j.cnki.1003-3734.2025.03.003
41,复方β-内酰胺酶抑制剂舒巴坦/度洛巴坦,"杨君, 刘芳, 喻明洁, 程林, 陈勇川",2025,34(3),http://www.newdrug.cn/CN/Y2025/V34/I3,http://www.newdrug.cn/CN/PDF/10.20251/j.cnki.1003-3734.2025.03.004,10.20251/j.cnki.1003-3734.2025.03.004
42,英国药典2024年版概览,"赵慧芳, 陈唯真, 王雅雯",2025,34(3),http://www.newdrug.cn/CN/Y2025/V34/I3,http://www.newdrug.cn/CN/PDF/10.20251/j.cnki.1003-3734.2025.03.005,10.20251/j.cnki.1003-3734.2025.03.005
43,基于持续鼓励创新的药品审评审批优化方向研究,"张小勇, 高丽萍, 牛佳玮, 吕心欢, 陈圣贤, 张象麟, 武志昂",2025,34(3),http://www.newdrug.cn/CN/Y2025/V34/I3,http://www.newdrug.cn/CN/PDF/10.20251/j.cnki.1003-3734.2025.03.006,10.20251/j.cnki.1003-3734.2025.03.006
44,单味中药有效部位新药研究进展,"肖炜婷, 曾琼丽, 张恒, 韩越, 周华荣, 肖晓, 王雄龙, 李顺祥, 欧阳文",2025,34(3),http://www.newdrug.cn/CN/Y2025/V34/I3,http://www.newdrug.cn/CN/PDF/10.20251/j.cnki.1003-3734.2025.03.007,10.20251/j.cnki.1003-3734.2025.03.007
45,重组人血管内皮抑制素治疗非小细胞肺癌的临床研究进展,"王沛, 朱建波",2025,34(3),http://www.newdrug.cn/CN/Y2025/V34/I3,http://www.newdrug.cn/CN/PDF/10.20251/j.cnki.1003-3734.2025.03.008,10.20251/j.cnki.1003-3734.2025.03.008
46,藏药组合方案治疗高原地区新型冠状病毒感染341例,"多杰太, 格桑云旦, 张琼文, 平措多吉, 王保, 索朗仁青, 桑旦, 沈燕如, 李延军, 仁青加, 丹松扎巴, 边巴次仁, 唐健元, 陈维武",2025,34(3),http://www.newdrug.cn/CN/Y2025/V34/I3,http://www.newdrug.cn/CN/PDF/10.20251/j.cnki.1003-3734.2025.03.009,10.20251/j.cnki.1003-3734.2025.03.009
47,复方黄柏液涂剂预防下颌近中阻生第三磨牙术后并发症的临床效果观察,"陈伦秋, 李智聪, 梁欢欢, 蓝丽云, 欧阳可雄, 朴正国, 陈浩",2025,34(3),http://www.newdrug.cn/CN/Y2025/V34/I3,http://www.newdrug.cn/CN/PDF/10.20251/j.cnki.1003-3734.2025.03.010,10.20251/j.cnki.1003-3734.2025.03.010
48,研究型医院高质量发展对研究者发起的临床研究管理的要求与分析,"李饶尧, 江映萍, 胡俊, 邓艳红",2025,34(3),http://www.newdrug.cn/CN/Y2025/V34/I3,http://www.newdrug.cn/CN/PDF/10.20251/j.cnki.1003-3734.2025.03.011,10.20251/j.cnki.1003-3734.2025.03.011
49,中药治疗儿童腺样体肥大临床试验设计与评价概要,"柳平, 胡思源, 蔡秋晗, 李瑞本, 周子楠",2025,34(3),http://www.newdrug.cn/CN/Y2025/V34/I3,http://www.newdrug.cn/CN/PDF/10.20251/j.cnki.1003-3734.2025.03.012,10.20251/j.cnki.1003-3734.2025.03.012
50,参麦颗粒中40种元素分析、风险评估及最大限量理论值研究,"雷蓉, 曹春琪, 刘亚茹, 郝晓飞, 李珍, 刘永利",2025,34(3),http://www.newdrug.cn/CN/Y2025/V34/I3,http://www.newdrug.cn/CN/PDF/10.20251/j.cnki.1003-3734.2025.03.013,10.20251/j.cnki.1003-3734.2025.03.013
51,离子色谱法分析微晶纤维素的离子分布及与其电导率的相关性研究,"刘静兰, 王珏, 陈惠玲, 郑淑凤, 杨锐, 赵霞",2025,34(3),http://www.newdrug.cn/CN/Y2025/V34/I3,http://www.newdrug.cn/CN/PDF/10.20251/j.cnki.1003-3734.2025.03.014,10.20251/j.cnki.1003-3734.2025.03.014
52,高效离子排斥色谱法检测复方氨基酸注射液（18AA）中山梨醇含量,"左利民, 肖菁, 郭鑫, 赵婷, 连晓芳, 刘惠一, 谷永升, 周怡, 山广志",2025,34(3),http://www.newdrug.cn/CN/Y2025/V34/I3,http://www.newdrug.cn/CN/PDF/10.20251/j.cnki.1003-3734.2025.03.015,10.20251/j.cnki.1003-3734.2025.03.015
53,HPLC同时测定五味甘露药浴汤散中5种成分的含量,"丁银, 王亚倩, 罗玉婷, 苟晓玲, 王天虹, 范刚",2025,34(3),http://www.newdrug.cn/CN/Y2025/V34/I3,http://www.newdrug.cn/CN/PDF/10.20251/j.cnki.1003-3734.2025.03.016,10.20251/j.cnki.1003-3734.2025.03.016
54,基于FAERS分析肌萎缩侧索硬化药物的上市后安全性研究,"汪玲, 刘林慧, 彭惠, 李新林, 刘茂昌",2025,34(3),http://www.newdrug.cn/CN/Y2025/V34/I3,http://www.newdrug.cn/CN/PDF/10.20251/j.cnki.1003-3734.2025.03.017,10.20251/j.cnki.1003-3734.2025.03.017
55,基于属性层次模型的奥马环素临床应用合理性评价,"徐洋, 韩立卓",2025,34(3),http://www.newdrug.cn/CN/Y2025/V34/I3,http://www.newdrug.cn/CN/PDF/10.20251/j.cnki.1003-3734.2025.03.018,10.20251/j.cnki.1003-3734.2025.03.018
56,美国《药物开发平台技术认定计划行业指南草案》及其对我国细胞和基因治疗监管的启示,"麻巧宁, 孙潭霖, 王闻雅",2025,34(4),http://www.newdrug.cn/CN/Y2025/V34/I4,http://www.newdrug.cn/CN/PDF/10.20251/j.cnki.1003-3734.2025.04.001,10.20251/j.cnki.1003-3734.2025.04.001
57,中医证候疗效评价指标体系的构建与思考,"王建新, 代欣玥, 孙明月, 吕行, 郭曼萍, 訾明杰, 杨巧宁, 高蕊",2025,34(4),http://www.newdrug.cn/CN/Y2025/V34/I4,http://www.newdrug.cn/CN/PDF/10.20251/j.cnki.1003-3734.2025.04.002,10.20251/j.cnki.1003-3734.2025.04.002
58,浅析新《中华人民共和国专利法实施细则》《专利审查指南》背景下药品专利期限补偿制度,孙明明,2025,34(4),http://www.newdrug.cn/CN/Y2025/V34/I4,http://www.newdrug.cn/CN/PDF/10.20251/j.cnki.1003-3734.2025.04.003,10.20251/j.cnki.1003-3734.2025.04.003
59,医疗机构应用传统工艺配制中药制剂备案中临床资料问题与思考,"李思奇, 周梦悦, 杨芳芳, 张志宇, 潘定举",2025,34(4),http://www.newdrug.cn/CN/Y2025/V34/I4,http://www.newdrug.cn/CN/PDF/10.20251/j.cnki.1003-3734.2025.04.004,10.20251/j.cnki.1003-3734.2025.04.004
60,仿制药委托开发专利侵权的不安抗辩研究,"金春阳, 何安琪",2025,34(4),http://www.newdrug.cn/CN/Y2025/V34/I4,http://www.newdrug.cn/CN/PDF/10.20251/j.cnki.1003-3734.2025.04.005,10.20251/j.cnki.1003-3734.2025.04.005
61,用于乳腺癌的细胞周期蛋白依赖性激酶4/6选择性抑制剂瑞波西利,"李艳, 崔英杰, 刘娟娟, 赵辉, 王真真, 周易, 张晶",2025,34(4),http://www.newdrug.cn/CN/Y2025/V34/I4,http://www.newdrug.cn/CN/PDF/10.20251/j.cnki.1003-3734.2025.04.006,10.20251/j.cnki.1003-3734.2025.04.006
62,美国FDA药品指导原则全生命周期管理探讨与启示,"孙潭霖, 麻巧宁, 许真玉",2025,34(4),http://www.newdrug.cn/CN/Y2025/V34/I4,http://www.newdrug.cn/CN/PDF/10.20251/j.cnki.1003-3734.2025.04.007,10.20251/j.cnki.1003-3734.2025.04.007
63,脐血CD34+造血干细胞来源的树突状细胞疫苗体外抗乳腺癌效果评价及优化,"王淼, 解辉平, 严珂庆, 崔洪飞, 李伟, 张志斐, 金媛媛",2025,34(4),http://www.newdrug.cn/CN/Y2025/V34/I4,http://www.newdrug.cn/CN/PDF/10.20251/j.cnki.1003-3734.2025.04.008,10.20251/j.cnki.1003-3734.2025.04.008
64,器官芯片及其在新药研发中的应用研究进展,"张士龙, 乐乐, 梁徐睿, 张晓蔚, 左志强, 张涛",2025,34(4),http://www.newdrug.cn/CN/Y2025/V34/I4,http://www.newdrug.cn/CN/PDF/10.20251/j.cnki.1003-3734.2025.04.009,10.20251/j.cnki.1003-3734.2025.04.009
65,校正错误的下一代测序在遗传毒性和致癌性方面应用进展,"崔文腾, 郑明岚, 周长慧, 何伟伟, 方雅励, 冯天意, 杜红丽, 常艳",2025,34(4),http://www.newdrug.cn/CN/Y2025/V34/I4,http://www.newdrug.cn/CN/PDF/10.20251/j.cnki.1003-3734.2025.04.010,10.20251/j.cnki.1003-3734.2025.04.010
66,肠外补充多种微量元素对早产低出生体重儿微量元素水平的影响,"顾莹芬, 付欢欢, 贾雪琦, 潘莉雅",2025,34(4),http://www.newdrug.cn/CN/Y2025/V34/I4,http://www.newdrug.cn/CN/PDF/10.20251/j.cnki.1003-3734.2025.04.011,10.20251/j.cnki.1003-3734.2025.04.011
67,香藿喷雾剂对小鼠上呼吸道感染的防治作用研究,"李婷, 颜宏, 龚吕东, 钟承志, 林瑞超, 朱高倩, 孙文强, 吴德松, 郭琰",2025,34(4),http://www.newdrug.cn/CN/Y2025/V34/I4,http://www.newdrug.cn/CN/PDF/10.20251/j.cnki.1003-3734.2025.04.012,10.20251/j.cnki.1003-3734.2025.04.012
68,兰索拉唑肠溶口崩片的制备与质量评价,"何燕妮, 蒋传真, 吴秀宁, 王东凯",2025,34(4),http://www.newdrug.cn/CN/Y2025/V34/I4,http://www.newdrug.cn/CN/PDF/10.20251/j.cnki.1003-3734.2025.04.013,10.20251/j.cnki.1003-3734.2025.04.013
69,一测多评法同时测定蒙药孟根·沃斯-18丸中10种化学成分,"苏都那布其, 荷叶, 莫日根, 郝俊生, 海金, 王秀兰",2025,34(4),http://www.newdrug.cn/CN/Y2025/V34/I4,http://www.newdrug.cn/CN/PDF/10.20251/j.cnki.1003-3734.2025.04.014,10.20251/j.cnki.1003-3734.2025.04.014
70,淫羊藿苷对秀丽隐杆线虫的抗衰老作用,"王凯赫, 王石峰, 母磊鑫, 刘湉, 柯彩依, 徐广, 马群",2025,34(4),http://www.newdrug.cn/CN/Y2025/V34/I4,http://www.newdrug.cn/CN/PDF/10.20251/j.cnki.1003-3734.2025.04.015,10.20251/j.cnki.1003-3734.2025.04.015
71,基于FAERS数据库的维莫非尼不良事件信号挖掘与分析,"刘敬如, 王世恒, 陈敏, 陆程灿",2025,34(4),http://www.newdrug.cn/CN/Y2025/V34/I4,http://www.newdrug.cn/CN/PDF/10.20251/j.cnki.1003-3734.2025.04.016,10.20251/j.cnki.1003-3734.2025.04.016
72,同通用名或同类产品口服与静脉注射2种剂型的药物经济学评价综述,"刘畅, 魏嘉茵, 吴瑶, 王芳旭, 孙爽, 陶立波",2025,34(4),http://www.newdrug.cn/CN/Y2025/V34/I4,http://www.newdrug.cn/CN/PDF/10.20251/j.cnki.1003-3734.2025.04.017,10.20251/j.cnki.1003-3734.2025.04.017
73,某市静脉及口服铁剂不良事件信号挖掘和分析,"马思佳, 李兴桥",2025,34(4),http://www.newdrug.cn/CN/Y2025/V34/I4,http://www.newdrug.cn/CN/PDF/10.20251/j.cnki.1003-3734.2025.04.018,10.20251/j.cnki.1003-3734.2025.04.018
74,政策工具视角下我国药品注册管理政策演变分析,"朱俊成, 王淑玲",2025,34(5),http://www.newdrug.cn/CN/Y2025/V34/I5,http://www.newdrug.cn/CN/PDF/10.20251/j.cnki.1003-3734.2025.05.001,10.20251/j.cnki.1003-3734.2025.05.001
75,等值生命年获益与质量调整寿命年作为健康产出指标的对比研究,"胡钊, 刘永军",2025,34(5),http://www.newdrug.cn/CN/Y2025/V34/I5,http://www.newdrug.cn/CN/PDF/10.20251/j.cnki.1003-3734.2025.05.002,10.20251/j.cnki.1003-3734.2025.05.002
76,新质生产力赋能医药产业高质量发展：理论逻辑与实践路径,"孙琪, 李勇",2025,34(5),http://www.newdrug.cn/CN/Y2025/V34/I5,http://www.newdrug.cn/CN/PDF/10.20251/j.cnki.1003-3734.2025.05.003,10.20251/j.cnki.1003-3734.2025.05.003
77,美国FDA警告信的制度模式介绍,"何辉, 周刚",2025,34(5),http://www.newdrug.cn/CN/Y2025/V34/I5,http://www.newdrug.cn/CN/PDF/10.20251/j.cnki.1003-3734.2025.05.004,10.20251/j.cnki.1003-3734.2025.05.004
78,药物共晶技术研究进展及药学研究思考,"潘静, 黄晓龙",2025,34(5),http://www.newdrug.cn/CN/Y2025/V34/I5,http://www.newdrug.cn/CN/PDF/10.20251/j.cnki.1003-3734.2025.05.005,10.20251/j.cnki.1003-3734.2025.05.005
79,蛋白激酶B抑制剂capivasertib治疗乳腺癌的研究进展,"耿继红, 全香花, 赵俊, 都彩莹, 孙彩红, 元海丹",2025,34(5),http://www.newdrug.cn/CN/Y2025/V34/I5,http://www.newdrug.cn/CN/PDF/10.20251/j.cnki.1003-3734.2025.05.006,10.20251/j.cnki.1003-3734.2025.05.006
80,恩沙替尼治疗REV1-ALK/EML4-ALK复合ALK融合肺腺癌1例,张长弓,2025,34(5),http://www.newdrug.cn/CN/Y2025/V34/I5,http://www.newdrug.cn/CN/PDF/10.20251/j.cnki.1003-3734.2025.05.007,10.20251/j.cnki.1003-3734.2025.05.007
81,血清总胆固醇、高密度脂蛋白和脂蛋白(a)对结直肠癌预后的临床意义,"潘儒艳, 王月, 朱麒, 陆懿, 肖瑶",2025,34(5),http://www.newdrug.cn/CN/Y2025/V34/I5,http://www.newdrug.cn/CN/PDF/10.20251/j.cnki.1003-3734.2025.05.008,10.20251/j.cnki.1003-3734.2025.05.008
82,药物临床试验不良事件纠纷民事法律责任分析及风险应对策略,"赵天娇, 邓勇",2025,34(5),http://www.newdrug.cn/CN/Y2025/V34/I5,http://www.newdrug.cn/CN/PDF/10.20251/j.cnki.1003-3734.2025.05.009,10.20251/j.cnki.1003-3734.2025.05.009
83,抗肿瘤药物临床试验终止后受试者权益问题探讨,"杨凤, 杨万双, 龚倩",2025,34(5),http://www.newdrug.cn/CN/Y2025/V34/I5,http://www.newdrug.cn/CN/PDF/10.20251/j.cnki.1003-3734.2025.05.010,10.20251/j.cnki.1003-3734.2025.05.010
84,田黄方通过调节肠道菌群改善小鼠非酒精性脂肪性肝病,"罗智中, 杨玲, 韩怡, 郭姣, 罗朵生",2025,34(5),http://www.newdrug.cn/CN/Y2025/V34/I5,http://www.newdrug.cn/CN/PDF/10.20251/j.cnki.1003-3734.2025.05.011,10.20251/j.cnki.1003-3734.2025.05.011
85,基于混料设计的经典名方易黄汤颗粒成型工艺及质量标准研究,"鲁方奇, 余灵静, 陈诺, 刘艺芃, 吴薇, 吴承潮, 钟绍辉, 陆丽蓉, 黄仕文, 程建明",2025,34(5),http://www.newdrug.cn/CN/Y2025/V34/I5,http://www.newdrug.cn/CN/PDF/10.20251/j.cnki.1003-3734.2025.05.012,10.20251/j.cnki.1003-3734.2025.05.012
86,补肾固泉颗粒的质量标准研究,"李文杰, 田文秀, 薛爱乐, 郑敏悦, 张磊, 王优杰, 洪燕龙",2025,34(5),http://www.newdrug.cn/CN/Y2025/V34/I5,http://www.newdrug.cn/CN/PDF/10.20251/j.cnki.1003-3734.2025.05.013,10.20251/j.cnki.1003-3734.2025.05.013
87,地平类药物中的药物基质N-亚硝胺杂质研究,"吴中礼, 郑国钢, 贾飞, 李晨, 周健, 虞程雄, 高颖, 王博, 楼金芳",2025,34(5),http://www.newdrug.cn/CN/Y2025/V34/I5,http://www.newdrug.cn/CN/PDF/10.20251/j.cnki.1003-3734.2025.05.014,10.20251/j.cnki.1003-3734.2025.05.014
88,培唑帕尼致不良反应文献分析研究,"张晓昕, 吴明铭, 阮贤妹",2025,34(5),http://www.newdrug.cn/CN/Y2025/V34/I5,http://www.newdrug.cn/CN/PDF/10.20251/j.cnki.1003-3734.2025.05.015,10.20251/j.cnki.1003-3734.2025.05.015
89,《抗体偶联药物药学研究与评价技术指导原则》解读,"李倩, 武勇凯, 韦薇, 何伍",2025,34(6),http://www.newdrug.cn/CN/Y2025/V34/I6,http://www.newdrug.cn/CN/PDF/10.20251/j.cnki.1003-3734.2025.06.001,10.20251/j.cnki.1003-3734.2025.06.001
90,生物技术产品病毒安全控制技术要求发展趋势研究以ICH Q5A（R2）为例,"赛文博, 于鹏丽, 韦薇",2025,34(6),http://www.newdrug.cn/CN/Y2025/V34/I6,http://www.newdrug.cn/CN/PDF/10.20251/j.cnki.1003-3734.2025.06.002,10.20251/j.cnki.1003-3734.2025.06.002
91,抗体类产品申报上市药学方面常见问题和审评考虑,"赵靖, 韦薇, 何伍",2025,34(6),http://www.newdrug.cn/CN/Y2025/V34/I6,http://www.newdrug.cn/CN/PDF/10.20251/j.cnki.1003-3734.2025.06.003,10.20251/j.cnki.1003-3734.2025.06.003
92,关于原核表达的治疗类重组蛋白制品中避免使用β-内酰胺类抗生素及抗性基因的思考,"寇雅真, 韦薇, 程速远",2025,34(6),http://www.newdrug.cn/CN/Y2025/V34/I6,http://www.newdrug.cn/CN/PDF/10.20251/j.cnki.1003-3734.2025.06.004,10.20251/j.cnki.1003-3734.2025.06.004
93,单克隆抗体类药物序列变异体的药学专业审评思考,"武勇凯, 李倩, 韦薇",2025,34(6),http://www.newdrug.cn/CN/Y2025/V34/I6,http://www.newdrug.cn/CN/PDF/10.20251/j.cnki.1003-3734.2025.06.005,10.20251/j.cnki.1003-3734.2025.06.005
94,治疗用重组蛋白类生物制品沟通交流常见问题探讨及评价考虑,"阚红金, 韦薇, 程速远",2025,34(6),http://www.newdrug.cn/CN/Y2025/V34/I6,http://www.newdrug.cn/CN/PDF/10.20251/j.cnki.1003-3734.2025.06.006,10.20251/j.cnki.1003-3734.2025.06.006
95,放射性核素标记重组蛋白类产品的质量研究考虑,"邱晓, 寇雅真, 王雪, 陈昊, 张梦梦, 何伍",2025,34(6),http://www.newdrug.cn/CN/Y2025/V34/I6,http://www.newdrug.cn/CN/PDF/10.20251/j.cnki.1003-3734.2025.06.007,10.20251/j.cnki.1003-3734.2025.06.007
96,病毒清除工艺平台验证技术应用案例解析,"陈昊, 何伍",2025,34(6),http://www.newdrug.cn/CN/Y2025/V34/I6,http://www.newdrug.cn/CN/PDF/10.20251/j.cnki.1003-3734.2025.06.008,10.20251/j.cnki.1003-3734.2025.06.008
97,基因编辑治疗药品的研究进展与药学评价考虑,"卢加琪, 周菂, 韦薇, 何伍",2025,34(6),http://www.newdrug.cn/CN/Y2025/V34/I6,http://www.newdrug.cn/CN/PDF/10.20251/j.cnki.1003-3734.2025.06.009,10.20251/j.cnki.1003-3734.2025.06.009
98,细胞治疗产品药学研究中流式细胞术的方法开发关注点及验证,"王靖宇, 吴雪伶, 韦薇",2025,34(6),http://www.newdrug.cn/CN/Y2025/V34/I6,http://www.newdrug.cn/CN/PDF/10.20251/j.cnki.1003-3734.2025.06.010,10.20251/j.cnki.1003-3734.2025.06.010
99,自体CAR-T细胞治疗药品上市申请药学申报资料常见问题和审评关注要点分析,"韩冬梅, 崔靖, 韦薇",2025,34(6),http://www.newdrug.cn/CN/Y2025/V34/I6,http://www.newdrug.cn/CN/PDF/10.20251/j.cnki.1003-3734.2025.06.011,10.20251/j.cnki.1003-3734.2025.06.011
100,干细胞衍生的细胞外囊泡的研究进展和质量研究考虑,"巩旭, 陈昊, 王靖宇, 卢加琪, 韦薇",2025,34(6),http://www.newdrug.cn/CN/Y2025/V34/I6,http://www.newdrug.cn/CN/PDF/10.20251/j.cnki.1003-3734.2025.06.012,10.20251/j.cnki.1003-3734.2025.06.012
101,治疗用A型肉毒毒素药物研究进展及药学审评思考,"程速远, 胡莹莹, 韦薇",2025,34(6),http://www.newdrug.cn/CN/Y2025/V34/I6,http://www.newdrug.cn/CN/PDF/10.20251/j.cnki.1003-3734.2025.06.013,10.20251/j.cnki.1003-3734.2025.06.013
102,特立帕肽生物类似药的研发考虑,"阚红金, 韦薇, 程速远",2025,34(6),http://www.newdrug.cn/CN/Y2025/V34/I6,http://www.newdrug.cn/CN/PDF/10.20251/j.cnki.1003-3734.2025.06.014,10.20251/j.cnki.1003-3734.2025.06.014
103,人用狂犬病疫苗研发药学研究思考,"赵欣, 马岩松, 杨丹, 李敏, 曹守春",2025,34(6),http://www.newdrug.cn/CN/Y2025/V34/I6,http://www.newdrug.cn/CN/PDF/10.20251/j.cnki.1003-3734.2025.06.015,10.20251/j.cnki.1003-3734.2025.06.015
104,MF59佐剂的研究进展与药学审评考量,"徐莉, 赵欣, 刘敏, 李敏",2025,34(6),http://www.newdrug.cn/CN/Y2025/V34/I6,http://www.newdrug.cn/CN/PDF/10.20251/j.cnki.1003-3734.2025.06.016,10.20251/j.cnki.1003-3734.2025.06.016
105,生物制品包装系统密封性研究的探讨,"王雪, 韦薇",2025,34(6),http://www.newdrug.cn/CN/Y2025/V34/I6,http://www.newdrug.cn/CN/PDF/10.20251/j.cnki.1003-3734.2025.06.017,10.20251/j.cnki.1003-3734.2025.06.017
106,浅谈按药品管理的体外诊断试剂说明书的撰写,"贾燕花, 于鹏丽, 吴舟一, 贾东晨",2025,34(6),http://www.newdrug.cn/CN/Y2025/V34/I6,http://www.newdrug.cn/CN/PDF/10.20251/j.cnki.1003-3734.2025.06.018,10.20251/j.cnki.1003-3734.2025.06.018
107,全球类器官科学研究竞争与合作态势分析,"陈娟, 龙俊羽, 李卓婷, 潘黎姿, 欧阳昭连",2025,34(7),http://www.newdrug.cn/CN/Y2025/V34/I7,http://www.newdrug.cn/CN/PDF/10.20251/j.cnki.1003-3734.2025.07.001,10.20251/j.cnki.1003-3734.2025.07.001
108,基于专利引文网络的类器官领域技术主路径分析,"张婷, 陈娟, 卢岩, 徐东紫, 欧阳昭连",2025,34(7),http://www.newdrug.cn/CN/Y2025/V34/I7,http://www.newdrug.cn/CN/PDF/10.20251/j.cnki.1003-3734.2025.07.002,10.20251/j.cnki.1003-3734.2025.07.002
109,人呼吸道合胞病毒疫苗的临床安全性研究与思考,"刘琳玉, 鲁爽",2025,34(7),http://www.newdrug.cn/CN/Y2025/V34/I7,http://www.newdrug.cn/CN/PDF/10.20251/j.cnki.1003-3734.2025.07.003,10.20251/j.cnki.1003-3734.2025.07.003
110,器官芯片技术在药动学领域的研究现状及应用前景,"黎一志, 申少磊, 王挥豪, 王俊龙, 刘莉",2025,34(7),http://www.newdrug.cn/CN/Y2025/V34/I7,http://www.newdrug.cn/CN/PDF/10.20251/j.cnki.1003-3734.2025.07.004,10.20251/j.cnki.1003-3734.2025.07.004
111,基于法尼醇X受体探讨中医药抗胆汁淤积机制研究进展,"唐银佩, 朱正望, 王琳琳, 赵静涵, 王兵, 朱平生",2025,34(7),http://www.newdrug.cn/CN/Y2025/V34/I7,http://www.newdrug.cn/CN/PDF/10.20251/j.cnki.1003-3734.2025.07.005,10.20251/j.cnki.1003-3734.2025.07.005
112,壳聚糖作为核酸递送载体在基因治疗中的研究进展,"李华安, 李志扬, 林博涵, 李汉麒, 温鼎声, 温露, 陈钢",2025,34(7),http://www.newdrug.cn/CN/Y2025/V34/I7,http://www.newdrug.cn/CN/PDF/10.20251/j.cnki.1003-3734.2025.07.006,10.20251/j.cnki.1003-3734.2025.07.006
113,Claudin 18.2抗体偶联药物的临床研究进展,"练晓彤, 雷宇",2025,34(7),http://www.newdrug.cn/CN/Y2025/V34/I7,http://www.newdrug.cn/CN/PDF/10.20251/j.cnki.1003-3734.2025.07.007,10.20251/j.cnki.1003-3734.2025.07.007
114,痰证临床疗效评价量表的研制,"吕行, 刘文娜, 王建新, 张瑜, 高蕊",2025,34(7),http://www.newdrug.cn/CN/Y2025/V34/I7,http://www.newdrug.cn/CN/PDF/10.20251/j.cnki.1003-3734.2025.07.008,10.20251/j.cnki.1003-3734.2025.07.008
115,痰证临床疗效评价量表的临床适应性考评,"吕行, 刘文娜, 王建新, 张瑜, 高蕊",2025,34(7),http://www.newdrug.cn/CN/Y2025/V34/I7,http://www.newdrug.cn/CN/PDF/10.20251/j.cnki.1003-3734.2025.07.009,10.20251/j.cnki.1003-3734.2025.07.009
116,某肿瘤专科医院临床试验药房管理实践与经验分享,"王肇聪, 杨洋, 张峰, 许芳, 李天恩, 魏学燕, 胡喆, 陈健",2025,34(7),http://www.newdrug.cn/CN/Y2025/V34/I7,http://www.newdrug.cn/CN/PDF/10.20251/j.cnki.1003-3734.2025.07.010,10.20251/j.cnki.1003-3734.2025.07.010
117,基于超高效液相色谱-四级杆-静电场轨道阱串联质谱联用技术结合网络药理学分析仙灵骨葆胶囊的化学成分和作用机制,"程雪怡, 刘文, 陈梅, 陆苑, 金阳, 李勇军",2025,34(7),http://www.newdrug.cn/CN/Y2025/V34/I7,http://www.newdrug.cn/CN/PDF/10.20251/j.cnki.1003-3734.2025.07.011,10.20251/j.cnki.1003-3734.2025.07.011
118,甲氨蝶呤与葫芦素B共载纳米脂质载体的制备及其体外评价,"李昊, 鲍婷琦, 黄馨怡, 周建文, 苗雯凯, 吴丽红, 王子珣, 曹立新, 韩翠艳",2025,34(7),http://www.newdrug.cn/CN/Y2025/V34/I7,http://www.newdrug.cn/CN/PDF/10.20251/j.cnki.1003-3734.2025.07.012,10.20251/j.cnki.1003-3734.2025.07.012
119,β-卡巴林-肉桂酸骨架化合物B4的合成、含量测定和稳定性研究,"关丽, 陈嘉欣, 宋鹏飞, 赵惠茹, 夏焱鑫, 张胜杰, 李伟泽",2025,34(7),http://www.newdrug.cn/CN/Y2025/V34/I7,http://www.newdrug.cn/CN/PDF/10.20251/j.cnki.1003-3734.2025.07.013,10.20251/j.cnki.1003-3734.2025.07.013
120,前蛋白转化酶枯草杆菌蛋白酶/溶菌素9抑制剂治疗高胆固醇血症的经济性评价系统综述,"孙凌垚, 王文珊, 王心茹, 袁方哲, 顾钰祺, 谭玉洁, 田磊",2025,34(7),http://www.newdrug.cn/CN/Y2025/V34/I7,http://www.newdrug.cn/CN/PDF/10.20251/j.cnki.1003-3734.2025.07.014,10.20251/j.cnki.1003-3734.2025.07.014
121,构建中医药临床疗效评价方法和三结合审评体系的迫切性——对《柳叶刀》发表中风醒脑液治疗急性脑出血临床研究的思考,"许嘉芯, 王建新, 于宗良, 高蕊",2025,34(8),http://www.newdrug.cn/CN/Y2025/V34/I8,http://www.newdrug.cn/CN/PDF/10.20251/j.cnki.1003-3734.2025.08.001,10.20251/j.cnki.1003-3734.2025.08.001
122,2023年中国和美国批准上市创新药的比较,"干长姣, 元延芳, 郑杨, 杨悦, 房军",2025,34(8),http://www.newdrug.cn/CN/Y2025/V34/I8,http://www.newdrug.cn/CN/PDF/10.20251/j.cnki.1003-3734.2025.08.002,10.20251/j.cnki.1003-3734.2025.08.002
123,我国儿科药物研发激励政策发展历程及成效分析,"黄坚, 杨勇, 陆信, 冼学国, 姚峥嵘",2025,34(8),http://www.newdrug.cn/CN/Y2025/V34/I8,http://www.newdrug.cn/CN/PDF/10.20251/j.cnki.1003-3734.2025.08.003,10.20251/j.cnki.1003-3734.2025.08.003
124,蛋白激酶B通路抑制剂capivasertib,"王萱, 罗颖, 刘相奎",2025,34(8),http://www.newdrug.cn/CN/Y2025/V34/I8,http://www.newdrug.cn/CN/PDF/10.20251/j.cnki.1003-3734.2025.08.004,10.20251/j.cnki.1003-3734.2025.08.004
125,先进治疗药品中美申报流程及政策对比,"尹慧芳, 李小芬, 秦晓燕, 苏意钢, 范杰, 范乙",2025,34(8),http://www.newdrug.cn/CN/Y2025/V34/I8,http://www.newdrug.cn/CN/PDF/10.20251/j.cnki.1003-3734.2025.08.005,10.20251/j.cnki.1003-3734.2025.08.005
126,基于MS技术的抗体药物宿主细胞蛋白杂质分析研究进展,"许轩, 生宁, 张金兰",2025,34(8),http://www.newdrug.cn/CN/Y2025/V34/I8,http://www.newdrug.cn/CN/PDF/10.20251/j.cnki.1003-3734.2025.08.006,10.20251/j.cnki.1003-3734.2025.08.006
127,锑/铋类抗肿瘤有机金属配合物的研究进展,"谢伍星, 刘永平, 雷健, 陈懿",2025,34(8),http://www.newdrug.cn/CN/Y2025/V34/I8,http://www.newdrug.cn/CN/PDF/10.20251/j.cnki.1003-3734.2025.08.007,10.20251/j.cnki.1003-3734.2025.08.007
128,台式NMR技术在药物分析中的应用,"濮恒婷, 李婕, 张娜, 庾莉菊, 刘阳",2025,34(8),http://www.newdrug.cn/CN/Y2025/V34/I8,http://www.newdrug.cn/CN/PDF/10.20251/j.cnki.1003-3734.2025.08.008,10.20251/j.cnki.1003-3734.2025.08.008
129,泊沙康唑肠溶片的质量评价与生物等效性研究,"王华伟, 隋鑫, 吴秀君, 曹莹, 陈璐, 李晓斌, 李美烨, 葛雨鑫, 王文萍",2025,34(8),http://www.newdrug.cn/CN/Y2025/V34/I8,http://www.newdrug.cn/CN/PDF/10.20251/j.cnki.1003-3734.2025.08.009,10.20251/j.cnki.1003-3734.2025.08.009
130,利伐沙班片不同来源参比制剂的溶出曲线与渗透速率研究,"马玲云, 汪璐楠, 孟雨馨, 张广超, 刘倩, 牛剑钊, 孙会敏",2025,34(8),http://www.newdrug.cn/CN/Y2025/V34/I8,http://www.newdrug.cn/CN/PDF/10.20251/j.cnki.1003-3734.2025.08.010,10.20251/j.cnki.1003-3734.2025.08.010
131,沙美特罗替卡松吸入粉雾剂溶出度的测定研究,"王婷, 周颖, 孙春萌, 魏宁漪",2025,34(8),http://www.newdrug.cn/CN/Y2025/V34/I8,http://www.newdrug.cn/CN/PDF/10.20251/j.cnki.1003-3734.2025.08.011,10.20251/j.cnki.1003-3734.2025.08.011
132,硝酸异山梨酯片的制备和体内外评价,"王楠, 李正照, 贾俊伟, 冯中",2025,34(8),http://www.newdrug.cn/CN/Y2025/V34/I8,http://www.newdrug.cn/CN/PDF/10.20251/j.cnki.1003-3734.2025.08.012,10.20251/j.cnki.1003-3734.2025.08.012
133,龙胆质量标志物的预测分析及评价研究,"于学霖, 刘佳怡, 杜俊楠, 王丹, 侯建明, 姜博千, 崔继丹, 尹海波",2025,34(8),http://www.newdrug.cn/CN/Y2025/V34/I8,http://www.newdrug.cn/CN/PDF/10.20251/j.cnki.1003-3734.2025.08.013,10.20251/j.cnki.1003-3734.2025.08.013
134,不同头孢呋辛注射制剂成品输液的稳定性对比,"任晓凯, 李宵, 张蕾, 安静, 李颖, 赵越, 冯运佳, 董占军",2025,34(8),http://www.newdrug.cn/CN/Y2025/V34/I8,http://www.newdrug.cn/CN/PDF/10.20251/j.cnki.1003-3734.2025.08.014,10.20251/j.cnki.1003-3734.2025.08.014
135,基于FAERS数据库对第三代表皮生长因子受体酪氨酸激酶抑制剂奥希替尼的不良反应信号挖掘研究,"王紫灏, 闫森",2025,34(8),http://www.newdrug.cn/CN/Y2025/V34/I8,http://www.newdrug.cn/CN/PDF/10.20251/j.cnki.1003-3734.2025.08.015,10.20251/j.cnki.1003-3734.2025.08.015
136,监管者视角下的促进“以患者为中心”的药物研发分析,"董丽娟, 孙利华",2025,34(9),http://www.newdrug.cn/CN/Y2025/V34/I9,http://www.newdrug.cn/CN/PDF/10.20251/j.cnki.1003-3734.2025.09.001,10.20251/j.cnki.1003-3734.2025.09.001
137,抗偏头痛药5-HT1F受体激动剂的专利分析,"康鹏程, 吴亚男",2025,34(9),http://www.newdrug.cn/CN/Y2025/V34/I9,http://www.newdrug.cn/CN/PDF/10.20251/j.cnki.1003-3734.2025.09.002,10.20251/j.cnki.1003-3734.2025.09.002
138,孤儿药注册审评制度的国际现状及对我国的启示,"杨润锋, 王乾, 田侃",2025,34(9),http://www.newdrug.cn/CN/Y2025/V34/I9,http://www.newdrug.cn/CN/PDF/10.20251/j.cnki.1003-3734.2025.09.003,10.20251/j.cnki.1003-3734.2025.09.003
139,治疗精神分裂症和双相Ⅰ型障碍的新合成制剂奥氮平/萨米多芬研究进展,"武琦, 张晓娟, 张宏强",2025,34(9),http://www.newdrug.cn/CN/Y2025/V34/I9,http://www.newdrug.cn/CN/PDF/10.20251/j.cnki.1003-3734.2025.09.004,10.20251/j.cnki.1003-3734.2025.09.004
140,美国FDA对标识交叉引用类组合产品的上市许可监管,"蒋剑平, 邵颖",2025,34(9),http://www.newdrug.cn/CN/Y2025/V34/I9,http://www.newdrug.cn/CN/PDF/10.20251/j.cnki.1003-3734.2025.09.005,10.20251/j.cnki.1003-3734.2025.09.005
141,羟苯磺酸钙胶囊在中国健康受试者中的生物等效性研究,"张文蕊, 温晓清, 罗茜, 刘剑锋",2025,34(9),http://www.newdrug.cn/CN/Y2025/V34/I9,http://www.newdrug.cn/CN/PDF/10.20251/j.cnki.1003-3734.2025.09.006,10.20251/j.cnki.1003-3734.2025.09.006
142,藏药治疗高原地区新型冠状病毒感染的随机对照临床研究,"格桑云旦, 多杰太, 张琼文, 平措多吉, 王保, 索朗仁青, 桑旦, 沈燕如, 李延军, 明吉措姆, 丹松扎巴, 唐健元, 陈维武",2025,34(9),http://www.newdrug.cn/CN/Y2025/V34/I9,http://www.newdrug.cn/CN/PDF/10.20251/j.cnki.1003-3734.2025.09.007,10.20251/j.cnki.1003-3734.2025.09.007
143,数据驱动的临床试验机构质量管理水平动态评价模型,"董文彬, 江旻, 赵淑华, 张雪梅, 陈一飞",2025,34(9),http://www.newdrug.cn/CN/Y2025/V34/I9,http://www.newdrug.cn/CN/PDF/10.20251/j.cnki.1003-3734.2025.09.008,10.20251/j.cnki.1003-3734.2025.09.008
144,淋巴瘤临床研究数据标准的建设与应用,"米岚, 谢彦, 侯艳, 王维玉, 朱军, 宋玉琴",2025,34(9),http://www.newdrug.cn/CN/Y2025/V34/I9,http://www.newdrug.cn/CN/PDF/10.20251/j.cnki.1003-3734.2025.09.009,10.20251/j.cnki.1003-3734.2025.09.009
145,基于网络药理学结合熵权分析优选银芪清瘟方的提取工艺,"张雅宣, 苑蕊, 沈慧娟, 钟宛凌, 樊箫雨, 叶津宏, 马韫楠, 白洁, 杜守颖",2025,34(9),http://www.newdrug.cn/CN/Y2025/V34/I9,http://www.newdrug.cn/CN/PDF/10.20251/j.cnki.1003-3734.2025.09.010,10.20251/j.cnki.1003-3734.2025.09.010
146,栀子提取液大孔树脂柱吸附过程中穿透曲线研究,"范嘉俊, 刘光宇, 刘建勋, 张鹏",2025,34(9),http://www.newdrug.cn/CN/Y2025/V34/I9,http://www.newdrug.cn/CN/PDF/10.20251/j.cnki.1003-3734.2025.09.011,10.20251/j.cnki.1003-3734.2025.09.011
147,叶酸修饰的共载斑蝥素和星形孢菌素脂质体的制备及其性质评价,"钟子怡, 韦爱秋, 贺锦程, 陈伶利, 张晓青",2025,34(9),http://www.newdrug.cn/CN/Y2025/V34/I9,http://www.newdrug.cn/CN/PDF/10.20251/j.cnki.1003-3734.2025.09.012,10.20251/j.cnki.1003-3734.2025.09.012
148,2种方法测定布地奈德吸入气雾剂的空气动力学粒径分布,"汪敏, 王文苹, 房兆营, 刘阿利",2025,34(9),http://www.newdrug.cn/CN/Y2025/V34/I9,http://www.newdrug.cn/CN/PDF/10.20251/j.cnki.1003-3734.2025.09.013,10.20251/j.cnki.1003-3734.2025.09.013
149,纳武利尤单抗联合吉西他滨、顺铂化疗对比单纯吉西他滨、顺铂用于晚期尿路上皮癌一线治疗的药物经济学评价,"牟洪利, 李思陈, 付李楠, 王淑玲",2025,34(9),http://www.newdrug.cn/CN/Y2025/V34/I9,http://www.newdrug.cn/CN/PDF/10.20251/j.cnki.1003-3734.2025.09.014,10.20251/j.cnki.1003-3734.2025.09.014
150,艾曲泊帕、阿伐曲泊帕、海曲泊帕治疗免疫性血小板减少症的疗效与安全性的网状Meta分析,"吴亦航, 陆艳丽, 罗鲜丹, 杨镇江, 严辉, 黄金艳, 郭雁翔, 颜潇旎, 庞秋玲, 张宏亮",2025,34(9),http://www.newdrug.cn/CN/Y2025/V34/I9,http://www.newdrug.cn/CN/PDF/10.20251/j.cnki.1003-3734.2025.09.015,10.20251/j.cnki.1003-3734.2025.09.015
