article_id,title,year,issue,volumn_page,pdf_url
858,PDF,2025,48,http://tjqk.magtech.com.cn/hzkj_yxb/CN/volumn/volumn_48.shtml,http://tjqk.magtech.com.cn/hzkj_yxb/CN/article/downloadArticleFile.do?attachType=PDF&id=858
859,PDF,2025,48,http://tjqk.magtech.com.cn/hzkj_yxb/CN/volumn/volumn_48.shtml,http://tjqk.magtech.com.cn/hzkj_yxb/CN/article/downloadArticleFile.do?attachType=PDF&id=859
860,PDF,2025,48,http://tjqk.magtech.com.cn/hzkj_yxb/CN/volumn/volumn_48.shtml,http://tjqk.magtech.com.cn/hzkj_yxb/CN/article/downloadArticleFile.do?attachType=PDF&id=860
861,PDF,2025,48,http://tjqk.magtech.com.cn/hzkj_yxb/CN/volumn/volumn_48.shtml,http://tjqk.magtech.com.cn/hzkj_yxb/CN/article/downloadArticleFile.do?attachType=PDF&id=861
862,PDF,2025,48,http://tjqk.magtech.com.cn/hzkj_yxb/CN/volumn/volumn_48.shtml,http://tjqk.magtech.com.cn/hzkj_yxb/CN/article/downloadArticleFile.do?attachType=PDF&id=862
863,PDF,2025,48,http://tjqk.magtech.com.cn/hzkj_yxb/CN/volumn/volumn_48.shtml,http://tjqk.magtech.com.cn/hzkj_yxb/CN/article/downloadArticleFile.do?attachType=PDF&id=863
864,PDF,2025,48,http://tjqk.magtech.com.cn/hzkj_yxb/CN/volumn/volumn_48.shtml,http://tjqk.magtech.com.cn/hzkj_yxb/CN/article/downloadArticleFile.do?attachType=PDF&id=864
865,PDF,2025,48,http://tjqk.magtech.com.cn/hzkj_yxb/CN/volumn/volumn_48.shtml,http://tjqk.magtech.com.cn/hzkj_yxb/CN/article/downloadArticleFile.do?attachType=PDF&id=865
866,PDF,2025,48,http://tjqk.magtech.com.cn/hzkj_yxb/CN/volumn/volumn_48.shtml,http://tjqk.magtech.com.cn/hzkj_yxb/CN/article/downloadArticleFile.do?attachType=PDF&id=866
867,PDF,2025,48,http://tjqk.magtech.com.cn/hzkj_yxb/CN/volumn/volumn_48.shtml,http://tjqk.magtech.com.cn/hzkj_yxb/CN/article/downloadArticleFile.do?attachType=PDF&id=867
868,PDF,2025,48,http://tjqk.magtech.com.cn/hzkj_yxb/CN/volumn/volumn_48.shtml,http://tjqk.magtech.com.cn/hzkj_yxb/CN/article/downloadArticleFile.do?attachType=PDF&id=868
869,PDF,2025,48,http://tjqk.magtech.com.cn/hzkj_yxb/CN/volumn/volumn_48.shtml,http://tjqk.magtech.com.cn/hzkj_yxb/CN/article/downloadArticleFile.do?attachType=PDF&id=869
870,PDF,2025,48,http://tjqk.magtech.com.cn/hzkj_yxb/CN/volumn/volumn_48.shtml,http://tjqk.magtech.com.cn/hzkj_yxb/CN/article/downloadArticleFile.do?attachType=PDF&id=870
871,PDF,2025,48,http://tjqk.magtech.com.cn/hzkj_yxb/CN/volumn/volumn_48.shtml,http://tjqk.magtech.com.cn/hzkj_yxb/CN/article/downloadArticleFile.do?attachType=PDF&id=871
872,PDF,2025,48,http://tjqk.magtech.com.cn/hzkj_yxb/CN/volumn/volumn_48.shtml,http://tjqk.magtech.com.cn/hzkj_yxb/CN/article/downloadArticleFile.do?attachType=PDF&id=872
873,PDF,2025,48,http://tjqk.magtech.com.cn/hzkj_yxb/CN/volumn/volumn_48.shtml,http://tjqk.magtech.com.cn/hzkj_yxb/CN/article/downloadArticleFile.do?attachType=PDF&id=873
874,PDF,2025,48,http://tjqk.magtech.com.cn/hzkj_yxb/CN/volumn/volumn_48.shtml,http://tjqk.magtech.com.cn/hzkj_yxb/CN/article/downloadArticleFile.do?attachType=PDF&id=874
875,PDF,2025,48,http://tjqk.magtech.com.cn/hzkj_yxb/CN/volumn/volumn_48.shtml,http://tjqk.magtech.com.cn/hzkj_yxb/CN/article/downloadArticleFile.do?attachType=PDF&id=875
876,PDF,2025,48,http://tjqk.magtech.com.cn/hzkj_yxb/CN/volumn/volumn_48.shtml,http://tjqk.magtech.com.cn/hzkj_yxb/CN/article/downloadArticleFile.do?attachType=PDF&id=876
877,PDF,2025,48,http://tjqk.magtech.com.cn/hzkj_yxb/CN/volumn/volumn_48.shtml,http://tjqk.magtech.com.cn/hzkj_yxb/CN/article/downloadArticleFile.do?attachType=PDF&id=877
878,PDF,2025,48,http://tjqk.magtech.com.cn/hzkj_yxb/CN/volumn/volumn_48.shtml,http://tjqk.magtech.com.cn/hzkj_yxb/CN/article/downloadArticleFile.do?attachType=PDF&id=878
879,PDF,2025,48,http://tjqk.magtech.com.cn/hzkj_yxb/CN/volumn/volumn_48.shtml,http://tjqk.magtech.com.cn/hzkj_yxb/CN/article/downloadArticleFile.do?attachType=PDF&id=879
133,PDF,2022,9,http://tjqk.magtech.com.cn/hzkj_yxb/CN/volumn/volumn_9.shtml,http://tjqk.magtech.com.cn/hzkj_yxb/CN/article/downloadArticleFile.do?attachType=PDF&id=133
134,PDF,2022,9,http://tjqk.magtech.com.cn/hzkj_yxb/CN/volumn/volumn_9.shtml,http://tjqk.magtech.com.cn/hzkj_yxb/CN/article/downloadArticleFile.do?attachType=PDF&id=134
135,PDF,2022,9,http://tjqk.magtech.com.cn/hzkj_yxb/CN/volumn/volumn_9.shtml,http://tjqk.magtech.com.cn/hzkj_yxb/CN/article/downloadArticleFile.do?attachType=PDF&id=135
136,PDF,2022,9,http://tjqk.magtech.com.cn/hzkj_yxb/CN/volumn/volumn_9.shtml,http://tjqk.magtech.com.cn/hzkj_yxb/CN/article/downloadArticleFile.do?attachType=PDF&id=136
137,PDF,2022,9,http://tjqk.magtech.com.cn/hzkj_yxb/CN/volumn/volumn_9.shtml,http://tjqk.magtech.com.cn/hzkj_yxb/CN/article/downloadArticleFile.do?attachType=PDF&id=137
138,PDF,2022,9,http://tjqk.magtech.com.cn/hzkj_yxb/CN/volumn/volumn_9.shtml,http://tjqk.magtech.com.cn/hzkj_yxb/CN/article/downloadArticleFile.do?attachType=PDF&id=138
139,PDF,2022,9,http://tjqk.magtech.com.cn/hzkj_yxb/CN/volumn/volumn_9.shtml,http://tjqk.magtech.com.cn/hzkj_yxb/CN/article/downloadArticleFile.do?attachType=PDF&id=139
140,PDF,2022,9,http://tjqk.magtech.com.cn/hzkj_yxb/CN/volumn/volumn_9.shtml,http://tjqk.magtech.com.cn/hzkj_yxb/CN/article/downloadArticleFile.do?attachType=PDF&id=140
141,PDF,2022,9,http://tjqk.magtech.com.cn/hzkj_yxb/CN/volumn/volumn_9.shtml,http://tjqk.magtech.com.cn/hzkj_yxb/CN/article/downloadArticleFile.do?attachType=PDF&id=141
142,PDF,2022,9,http://tjqk.magtech.com.cn/hzkj_yxb/CN/volumn/volumn_9.shtml,http://tjqk.magtech.com.cn/hzkj_yxb/CN/article/downloadArticleFile.do?attachType=PDF&id=142
143,PDF,2022,9,http://tjqk.magtech.com.cn/hzkj_yxb/CN/volumn/volumn_9.shtml,http://tjqk.magtech.com.cn/hzkj_yxb/CN/article/downloadArticleFile.do?attachType=PDF&id=143
144,PDF,2022,9,http://tjqk.magtech.com.cn/hzkj_yxb/CN/volumn/volumn_9.shtml,http://tjqk.magtech.com.cn/hzkj_yxb/CN/article/downloadArticleFile.do?attachType=PDF&id=144
145,PDF,2022,9,http://tjqk.magtech.com.cn/hzkj_yxb/CN/volumn/volumn_9.shtml,http://tjqk.magtech.com.cn/hzkj_yxb/CN/article/downloadArticleFile.do?attachType=PDF&id=145
146,PDF,2022,9,http://tjqk.magtech.com.cn/hzkj_yxb/CN/volumn/volumn_9.shtml,http://tjqk.magtech.com.cn/hzkj_yxb/CN/article/downloadArticleFile.do?attachType=PDF&id=146
147,PDF,2022,9,http://tjqk.magtech.com.cn/hzkj_yxb/CN/volumn/volumn_9.shtml,http://tjqk.magtech.com.cn/hzkj_yxb/CN/article/downloadArticleFile.do?attachType=PDF&id=147
148,PDF,2022,9,http://tjqk.magtech.com.cn/hzkj_yxb/CN/volumn/volumn_9.shtml,http://tjqk.magtech.com.cn/hzkj_yxb/CN/article/downloadArticleFile.do?attachType=PDF&id=148
149,PDF,2022,9,http://tjqk.magtech.com.cn/hzkj_yxb/CN/volumn/volumn_9.shtml,http://tjqk.magtech.com.cn/hzkj_yxb/CN/article/downloadArticleFile.do?attachType=PDF&id=149
150,PDF,2022,9,http://tjqk.magtech.com.cn/hzkj_yxb/CN/volumn/volumn_9.shtml,http://tjqk.magtech.com.cn/hzkj_yxb/CN/article/downloadArticleFile.do?attachType=PDF&id=150
151,PDF,2022,9,http://tjqk.magtech.com.cn/hzkj_yxb/CN/volumn/volumn_9.shtml,http://tjqk.magtech.com.cn/hzkj_yxb/CN/article/downloadArticleFile.do?attachType=PDF&id=151
152,PDF,2022,9,http://tjqk.magtech.com.cn/hzkj_yxb/CN/volumn/volumn_9.shtml,http://tjqk.magtech.com.cn/hzkj_yxb/CN/article/downloadArticleFile.do?attachType=PDF&id=152
153,PDF,2022,9,http://tjqk.magtech.com.cn/hzkj_yxb/CN/volumn/volumn_9.shtml,http://tjqk.magtech.com.cn/hzkj_yxb/CN/article/downloadArticleFile.do?attachType=PDF&id=153
154,PDF,2022,9,http://tjqk.magtech.com.cn/hzkj_yxb/CN/volumn/volumn_9.shtml,http://tjqk.magtech.com.cn/hzkj_yxb/CN/article/downloadArticleFile.do?attachType=PDF&id=154
155,PDF,2022,9,http://tjqk.magtech.com.cn/hzkj_yxb/CN/volumn/volumn_9.shtml,http://tjqk.magtech.com.cn/hzkj_yxb/CN/article/downloadArticleFile.do?attachType=PDF&id=155
156,PDF,2022,9,http://tjqk.magtech.com.cn/hzkj_yxb/CN/volumn/volumn_9.shtml,http://tjqk.magtech.com.cn/hzkj_yxb/CN/article/downloadArticleFile.do?attachType=PDF&id=156
79,PDF,2022,6,http://tjqk.magtech.com.cn/hzkj_yxb/CN/volumn/volumn_6.shtml,http://tjqk.magtech.com.cn/hzkj_yxb/CN/article/downloadArticleFile.do?attachType=PDF&id=79
80,PDF,2022,6,http://tjqk.magtech.com.cn/hzkj_yxb/CN/volumn/volumn_6.shtml,http://tjqk.magtech.com.cn/hzkj_yxb/CN/article/downloadArticleFile.do?attachType=PDF&id=80
81,PDF,2022,6,http://tjqk.magtech.com.cn/hzkj_yxb/CN/volumn/volumn_6.shtml,http://tjqk.magtech.com.cn/hzkj_yxb/CN/article/downloadArticleFile.do?attachType=PDF&id=81
82,PDF,2022,6,http://tjqk.magtech.com.cn/hzkj_yxb/CN/volumn/volumn_6.shtml,http://tjqk.magtech.com.cn/hzkj_yxb/CN/article/downloadArticleFile.do?attachType=PDF&id=82
83,PDF,2022,6,http://tjqk.magtech.com.cn/hzkj_yxb/CN/volumn/volumn_6.shtml,http://tjqk.magtech.com.cn/hzkj_yxb/CN/article/downloadArticleFile.do?attachType=PDF&id=83
84,PDF,2022,6,http://tjqk.magtech.com.cn/hzkj_yxb/CN/volumn/volumn_6.shtml,http://tjqk.magtech.com.cn/hzkj_yxb/CN/article/downloadArticleFile.do?attachType=PDF&id=84
85,PDF,2022,6,http://tjqk.magtech.com.cn/hzkj_yxb/CN/volumn/volumn_6.shtml,http://tjqk.magtech.com.cn/hzkj_yxb/CN/article/downloadArticleFile.do?attachType=PDF&id=85
87,PDF,2022,6,http://tjqk.magtech.com.cn/hzkj_yxb/CN/volumn/volumn_6.shtml,http://tjqk.magtech.com.cn/hzkj_yxb/CN/article/downloadArticleFile.do?attachType=PDF&id=87
88,PDF,2022,6,http://tjqk.magtech.com.cn/hzkj_yxb/CN/volumn/volumn_6.shtml,http://tjqk.magtech.com.cn/hzkj_yxb/CN/article/downloadArticleFile.do?attachType=PDF&id=88
89,PDF,2022,6,http://tjqk.magtech.com.cn/hzkj_yxb/CN/volumn/volumn_6.shtml,http://tjqk.magtech.com.cn/hzkj_yxb/CN/article/downloadArticleFile.do?attachType=PDF&id=89
90,PDF,2022,6,http://tjqk.magtech.com.cn/hzkj_yxb/CN/volumn/volumn_6.shtml,http://tjqk.magtech.com.cn/hzkj_yxb/CN/article/downloadArticleFile.do?attachType=PDF&id=90
91,PDF,2022,6,http://tjqk.magtech.com.cn/hzkj_yxb/CN/volumn/volumn_6.shtml,http://tjqk.magtech.com.cn/hzkj_yxb/CN/article/downloadArticleFile.do?attachType=PDF&id=91
94,PDF,2022,6,http://tjqk.magtech.com.cn/hzkj_yxb/CN/volumn/volumn_6.shtml,http://tjqk.magtech.com.cn/hzkj_yxb/CN/article/downloadArticleFile.do?attachType=PDF&id=94
96,PDF,2022,6,http://tjqk.magtech.com.cn/hzkj_yxb/CN/volumn/volumn_6.shtml,http://tjqk.magtech.com.cn/hzkj_yxb/CN/article/downloadArticleFile.do?attachType=PDF&id=96
97,PDF,2022,6,http://tjqk.magtech.com.cn/hzkj_yxb/CN/volumn/volumn_6.shtml,http://tjqk.magtech.com.cn/hzkj_yxb/CN/article/downloadArticleFile.do?attachType=PDF&id=97
99,PDF,2022,6,http://tjqk.magtech.com.cn/hzkj_yxb/CN/volumn/volumn_6.shtml,http://tjqk.magtech.com.cn/hzkj_yxb/CN/article/downloadArticleFile.do?attachType=PDF&id=99
101,PDF,2022,6,http://tjqk.magtech.com.cn/hzkj_yxb/CN/volumn/volumn_6.shtml,http://tjqk.magtech.com.cn/hzkj_yxb/CN/article/downloadArticleFile.do?attachType=PDF&id=101
102,PDF,2022,6,http://tjqk.magtech.com.cn/hzkj_yxb/CN/volumn/volumn_6.shtml,http://tjqk.magtech.com.cn/hzkj_yxb/CN/article/downloadArticleFile.do?attachType=PDF&id=102
104,PDF,2022,6,http://tjqk.magtech.com.cn/hzkj_yxb/CN/volumn/volumn_6.shtml,http://tjqk.magtech.com.cn/hzkj_yxb/CN/article/downloadArticleFile.do?attachType=PDF&id=104
106,PDF,2022,6,http://tjqk.magtech.com.cn/hzkj_yxb/CN/volumn/volumn_6.shtml,http://tjqk.magtech.com.cn/hzkj_yxb/CN/article/downloadArticleFile.do?attachType=PDF&id=106
107,PDF,2022,6,http://tjqk.magtech.com.cn/hzkj_yxb/CN/volumn/volumn_6.shtml,http://tjqk.magtech.com.cn/hzkj_yxb/CN/article/downloadArticleFile.do?attachType=PDF&id=107
109,PDF,2022,6,http://tjqk.magtech.com.cn/hzkj_yxb/CN/volumn/volumn_6.shtml,http://tjqk.magtech.com.cn/hzkj_yxb/CN/article/downloadArticleFile.do?attachType=PDF&id=109
114,PDF,2022,6,http://tjqk.magtech.com.cn/hzkj_yxb/CN/volumn/volumn_6.shtml,http://tjqk.magtech.com.cn/hzkj_yxb/CN/article/downloadArticleFile.do?attachType=PDF&id=114
117,PDF,2022,6,http://tjqk.magtech.com.cn/hzkj_yxb/CN/volumn/volumn_6.shtml,http://tjqk.magtech.com.cn/hzkj_yxb/CN/article/downloadArticleFile.do?attachType=PDF&id=117
118,PDF,2022,6,http://tjqk.magtech.com.cn/hzkj_yxb/CN/volumn/volumn_6.shtml,http://tjqk.magtech.com.cn/hzkj_yxb/CN/article/downloadArticleFile.do?attachType=PDF&id=118
630,PDF,2024,36,http://tjqk.magtech.com.cn/hzkj_yxb/CN/volumn/volumn_36.shtml,http://tjqk.magtech.com.cn/hzkj_yxb/CN/article/downloadArticleFile.do?attachType=PDF&id=630
631,PDF,2024,36,http://tjqk.magtech.com.cn/hzkj_yxb/CN/volumn/volumn_36.shtml,http://tjqk.magtech.com.cn/hzkj_yxb/CN/article/downloadArticleFile.do?attachType=PDF&id=631
632,PDF,2024,36,http://tjqk.magtech.com.cn/hzkj_yxb/CN/volumn/volumn_36.shtml,http://tjqk.magtech.com.cn/hzkj_yxb/CN/article/downloadArticleFile.do?attachType=PDF&id=632
633,PDF,2024,36,http://tjqk.magtech.com.cn/hzkj_yxb/CN/volumn/volumn_36.shtml,http://tjqk.magtech.com.cn/hzkj_yxb/CN/article/downloadArticleFile.do?attachType=PDF&id=633
634,PDF,2024,36,http://tjqk.magtech.com.cn/hzkj_yxb/CN/volumn/volumn_36.shtml,http://tjqk.magtech.com.cn/hzkj_yxb/CN/article/downloadArticleFile.do?attachType=PDF&id=634
635,PDF,2024,36,http://tjqk.magtech.com.cn/hzkj_yxb/CN/volumn/volumn_36.shtml,http://tjqk.magtech.com.cn/hzkj_yxb/CN/article/downloadArticleFile.do?attachType=PDF&id=635
636,PDF,2024,36,http://tjqk.magtech.com.cn/hzkj_yxb/CN/volumn/volumn_36.shtml,http://tjqk.magtech.com.cn/hzkj_yxb/CN/article/downloadArticleFile.do?attachType=PDF&id=636
637,PDF,2024,36,http://tjqk.magtech.com.cn/hzkj_yxb/CN/volumn/volumn_36.shtml,http://tjqk.magtech.com.cn/hzkj_yxb/CN/article/downloadArticleFile.do?attachType=PDF&id=637
638,PDF,2024,36,http://tjqk.magtech.com.cn/hzkj_yxb/CN/volumn/volumn_36.shtml,http://tjqk.magtech.com.cn/hzkj_yxb/CN/article/downloadArticleFile.do?attachType=PDF&id=638
639,PDF,2024,36,http://tjqk.magtech.com.cn/hzkj_yxb/CN/volumn/volumn_36.shtml,http://tjqk.magtech.com.cn/hzkj_yxb/CN/article/downloadArticleFile.do?attachType=PDF&id=639
640,PDF,2024,36,http://tjqk.magtech.com.cn/hzkj_yxb/CN/volumn/volumn_36.shtml,http://tjqk.magtech.com.cn/hzkj_yxb/CN/article/downloadArticleFile.do?attachType=PDF&id=640
641,PDF,2024,36,http://tjqk.magtech.com.cn/hzkj_yxb/CN/volumn/volumn_36.shtml,http://tjqk.magtech.com.cn/hzkj_yxb/CN/article/downloadArticleFile.do?attachType=PDF&id=641
642,PDF,2024,36,http://tjqk.magtech.com.cn/hzkj_yxb/CN/volumn/volumn_36.shtml,http://tjqk.magtech.com.cn/hzkj_yxb/CN/article/downloadArticleFile.do?attachType=PDF&id=642
643,PDF,2024,36,http://tjqk.magtech.com.cn/hzkj_yxb/CN/volumn/volumn_36.shtml,http://tjqk.magtech.com.cn/hzkj_yxb/CN/article/downloadArticleFile.do?attachType=PDF&id=643
644,PDF,2024,36,http://tjqk.magtech.com.cn/hzkj_yxb/CN/volumn/volumn_36.shtml,http://tjqk.magtech.com.cn/hzkj_yxb/CN/article/downloadArticleFile.do?attachType=PDF&id=644
645,PDF,2024,36,http://tjqk.magtech.com.cn/hzkj_yxb/CN/volumn/volumn_36.shtml,http://tjqk.magtech.com.cn/hzkj_yxb/CN/article/downloadArticleFile.do?attachType=PDF&id=645
646,PDF,2024,36,http://tjqk.magtech.com.cn/hzkj_yxb/CN/volumn/volumn_36.shtml,http://tjqk.magtech.com.cn/hzkj_yxb/CN/article/downloadArticleFile.do?attachType=PDF&id=646
647,PDF,2024,36,http://tjqk.magtech.com.cn/hzkj_yxb/CN/volumn/volumn_36.shtml,http://tjqk.magtech.com.cn/hzkj_yxb/CN/article/downloadArticleFile.do?attachType=PDF&id=647
648,PDF,2024,36,http://tjqk.magtech.com.cn/hzkj_yxb/CN/volumn/volumn_36.shtml,http://tjqk.magtech.com.cn/hzkj_yxb/CN/article/downloadArticleFile.do?attachType=PDF&id=648
649,PDF,2024,36,http://tjqk.magtech.com.cn/hzkj_yxb/CN/volumn/volumn_36.shtml,http://tjqk.magtech.com.cn/hzkj_yxb/CN/article/downloadArticleFile.do?attachType=PDF&id=649
650,PDF,2024,36,http://tjqk.magtech.com.cn/hzkj_yxb/CN/volumn/volumn_36.shtml,http://tjqk.magtech.com.cn/hzkj_yxb/CN/article/downloadArticleFile.do?attachType=PDF&id=650
651,PDF,2024,36,http://tjqk.magtech.com.cn/hzkj_yxb/CN/volumn/volumn_36.shtml,http://tjqk.magtech.com.cn/hzkj_yxb/CN/article/downloadArticleFile.do?attachType=PDF&id=651
577,PDF,2024,33,http://tjqk.magtech.com.cn/hzkj_yxb/CN/volumn/volumn_33.shtml,http://tjqk.magtech.com.cn/hzkj_yxb/CN/article/downloadArticleFile.do?attachType=PDF&id=577
578,PDF,2024,33,http://tjqk.magtech.com.cn/hzkj_yxb/CN/volumn/volumn_33.shtml,http://tjqk.magtech.com.cn/hzkj_yxb/CN/article/downloadArticleFile.do?attachType=PDF&id=578
579,PDF,2024,33,http://tjqk.magtech.com.cn/hzkj_yxb/CN/volumn/volumn_33.shtml,http://tjqk.magtech.com.cn/hzkj_yxb/CN/article/downloadArticleFile.do?attachType=PDF&id=579
580,PDF,2024,33,http://tjqk.magtech.com.cn/hzkj_yxb/CN/volumn/volumn_33.shtml,http://tjqk.magtech.com.cn/hzkj_yxb/CN/article/downloadArticleFile.do?attachType=PDF&id=580
581,PDF,2024,33,http://tjqk.magtech.com.cn/hzkj_yxb/CN/volumn/volumn_33.shtml,http://tjqk.magtech.com.cn/hzkj_yxb/CN/article/downloadArticleFile.do?attachType=PDF&id=581
582,PDF,2024,33,http://tjqk.magtech.com.cn/hzkj_yxb/CN/volumn/volumn_33.shtml,http://tjqk.magtech.com.cn/hzkj_yxb/CN/article/downloadArticleFile.do?attachType=PDF&id=582
583,PDF,2024,33,http://tjqk.magtech.com.cn/hzkj_yxb/CN/volumn/volumn_33.shtml,http://tjqk.magtech.com.cn/hzkj_yxb/CN/article/downloadArticleFile.do?attachType=PDF&id=583
584,PDF,2024,33,http://tjqk.magtech.com.cn/hzkj_yxb/CN/volumn/volumn_33.shtml,http://tjqk.magtech.com.cn/hzkj_yxb/CN/article/downloadArticleFile.do?attachType=PDF&id=584
585,PDF,2024,33,http://tjqk.magtech.com.cn/hzkj_yxb/CN/volumn/volumn_33.shtml,http://tjqk.magtech.com.cn/hzkj_yxb/CN/article/downloadArticleFile.do?attachType=PDF&id=585
586,PDF,2024,33,http://tjqk.magtech.com.cn/hzkj_yxb/CN/volumn/volumn_33.shtml,http://tjqk.magtech.com.cn/hzkj_yxb/CN/article/downloadArticleFile.do?attachType=PDF&id=586
587,PDF,2024,33,http://tjqk.magtech.com.cn/hzkj_yxb/CN/volumn/volumn_33.shtml,http://tjqk.magtech.com.cn/hzkj_yxb/CN/article/downloadArticleFile.do?attachType=PDF&id=587
589,PDF,2024,33,http://tjqk.magtech.com.cn/hzkj_yxb/CN/volumn/volumn_33.shtml,http://tjqk.magtech.com.cn/hzkj_yxb/CN/article/downloadArticleFile.do?attachType=PDF&id=589
590,PDF,2024,33,http://tjqk.magtech.com.cn/hzkj_yxb/CN/volumn/volumn_33.shtml,http://tjqk.magtech.com.cn/hzkj_yxb/CN/article/downloadArticleFile.do?attachType=PDF&id=590
591,PDF,2024,33,http://tjqk.magtech.com.cn/hzkj_yxb/CN/volumn/volumn_33.shtml,http://tjqk.magtech.com.cn/hzkj_yxb/CN/article/downloadArticleFile.do?attachType=PDF&id=591
592,PDF,2024,33,http://tjqk.magtech.com.cn/hzkj_yxb/CN/volumn/volumn_33.shtml,http://tjqk.magtech.com.cn/hzkj_yxb/CN/article/downloadArticleFile.do?attachType=PDF&id=592
593,PDF,2024,33,http://tjqk.magtech.com.cn/hzkj_yxb/CN/volumn/volumn_33.shtml,http://tjqk.magtech.com.cn/hzkj_yxb/CN/article/downloadArticleFile.do?attachType=PDF&id=593
594,PDF,2024,33,http://tjqk.magtech.com.cn/hzkj_yxb/CN/volumn/volumn_33.shtml,http://tjqk.magtech.com.cn/hzkj_yxb/CN/article/downloadArticleFile.do?attachType=PDF&id=594
595,PDF,2024,33,http://tjqk.magtech.com.cn/hzkj_yxb/CN/volumn/volumn_33.shtml,http://tjqk.magtech.com.cn/hzkj_yxb/CN/article/downloadArticleFile.do?attachType=PDF&id=595
596,PDF,2024,33,http://tjqk.magtech.com.cn/hzkj_yxb/CN/volumn/volumn_33.shtml,http://tjqk.magtech.com.cn/hzkj_yxb/CN/article/downloadArticleFile.do?attachType=PDF&id=596
597,PDF,2024,33,http://tjqk.magtech.com.cn/hzkj_yxb/CN/volumn/volumn_33.shtml,http://tjqk.magtech.com.cn/hzkj_yxb/CN/article/downloadArticleFile.do?attachType=PDF&id=597
598,PDF,2024,33,http://tjqk.magtech.com.cn/hzkj_yxb/CN/volumn/volumn_33.shtml,http://tjqk.magtech.com.cn/hzkj_yxb/CN/article/downloadArticleFile.do?attachType=PDF&id=598
503,PDF,2023,29,http://tjqk.magtech.com.cn/hzkj_yxb/CN/volumn/volumn_29.shtml,http://tjqk.magtech.com.cn/hzkj_yxb/CN/article/downloadArticleFile.do?attachType=PDF&id=503
504,PDF,2023,29,http://tjqk.magtech.com.cn/hzkj_yxb/CN/volumn/volumn_29.shtml,http://tjqk.magtech.com.cn/hzkj_yxb/CN/article/downloadArticleFile.do?attachType=PDF&id=504
518,PDF,2023,29,http://tjqk.magtech.com.cn/hzkj_yxb/CN/volumn/volumn_29.shtml,http://tjqk.magtech.com.cn/hzkj_yxb/CN/article/downloadArticleFile.do?attachType=PDF&id=518
519,PDF,2023,29,http://tjqk.magtech.com.cn/hzkj_yxb/CN/volumn/volumn_29.shtml,http://tjqk.magtech.com.cn/hzkj_yxb/CN/article/downloadArticleFile.do?attachType=PDF&id=519
520,PDF,2023,29,http://tjqk.magtech.com.cn/hzkj_yxb/CN/volumn/volumn_29.shtml,http://tjqk.magtech.com.cn/hzkj_yxb/CN/article/downloadArticleFile.do?attachType=PDF&id=520
521,PDF,2023,29,http://tjqk.magtech.com.cn/hzkj_yxb/CN/volumn/volumn_29.shtml,http://tjqk.magtech.com.cn/hzkj_yxb/CN/article/downloadArticleFile.do?attachType=PDF&id=521
522,PDF,2023,29,http://tjqk.magtech.com.cn/hzkj_yxb/CN/volumn/volumn_29.shtml,http://tjqk.magtech.com.cn/hzkj_yxb/CN/article/downloadArticleFile.do?attachType=PDF&id=522
523,PDF,2023,29,http://tjqk.magtech.com.cn/hzkj_yxb/CN/volumn/volumn_29.shtml,http://tjqk.magtech.com.cn/hzkj_yxb/CN/article/downloadArticleFile.do?attachType=PDF&id=523
524,PDF,2023,29,http://tjqk.magtech.com.cn/hzkj_yxb/CN/volumn/volumn_29.shtml,http://tjqk.magtech.com.cn/hzkj_yxb/CN/article/downloadArticleFile.do?attachType=PDF&id=524
525,PDF,2023,29,http://tjqk.magtech.com.cn/hzkj_yxb/CN/volumn/volumn_29.shtml,http://tjqk.magtech.com.cn/hzkj_yxb/CN/article/downloadArticleFile.do?attachType=PDF&id=525
526,PDF,2023,29,http://tjqk.magtech.com.cn/hzkj_yxb/CN/volumn/volumn_29.shtml,http://tjqk.magtech.com.cn/hzkj_yxb/CN/article/downloadArticleFile.do?attachType=PDF&id=526
527,PDF,2023,29,http://tjqk.magtech.com.cn/hzkj_yxb/CN/volumn/volumn_29.shtml,http://tjqk.magtech.com.cn/hzkj_yxb/CN/article/downloadArticleFile.do?attachType=PDF&id=527
528,PDF,2023,29,http://tjqk.magtech.com.cn/hzkj_yxb/CN/volumn/volumn_29.shtml,http://tjqk.magtech.com.cn/hzkj_yxb/CN/article/downloadArticleFile.do?attachType=PDF&id=528
529,PDF,2023,29,http://tjqk.magtech.com.cn/hzkj_yxb/CN/volumn/volumn_29.shtml,http://tjqk.magtech.com.cn/hzkj_yxb/CN/article/downloadArticleFile.do?attachType=PDF&id=529
530,PDF,2023,29,http://tjqk.magtech.com.cn/hzkj_yxb/CN/volumn/volumn_29.shtml,http://tjqk.magtech.com.cn/hzkj_yxb/CN/article/downloadArticleFile.do?attachType=PDF&id=530
531,PDF,2023,29,http://tjqk.magtech.com.cn/hzkj_yxb/CN/volumn/volumn_29.shtml,http://tjqk.magtech.com.cn/hzkj_yxb/CN/article/downloadArticleFile.do?attachType=PDF&id=531
532,PDF,2023,29,http://tjqk.magtech.com.cn/hzkj_yxb/CN/volumn/volumn_29.shtml,http://tjqk.magtech.com.cn/hzkj_yxb/CN/article/downloadArticleFile.do?attachType=PDF&id=532
533,PDF,2023,29,http://tjqk.magtech.com.cn/hzkj_yxb/CN/volumn/volumn_29.shtml,http://tjqk.magtech.com.cn/hzkj_yxb/CN/article/downloadArticleFile.do?attachType=PDF&id=533
534,PDF,2023,29,http://tjqk.magtech.com.cn/hzkj_yxb/CN/volumn/volumn_29.shtml,http://tjqk.magtech.com.cn/hzkj_yxb/CN/article/downloadArticleFile.do?attachType=PDF&id=534
535,PDF,2023,29,http://tjqk.magtech.com.cn/hzkj_yxb/CN/volumn/volumn_29.shtml,http://tjqk.magtech.com.cn/hzkj_yxb/CN/article/downloadArticleFile.do?attachType=PDF&id=535
536,PDF,2023,29,http://tjqk.magtech.com.cn/hzkj_yxb/CN/volumn/volumn_29.shtml,http://tjqk.magtech.com.cn/hzkj_yxb/CN/article/downloadArticleFile.do?attachType=PDF&id=536
537,PDF,2023,29,http://tjqk.magtech.com.cn/hzkj_yxb/CN/volumn/volumn_29.shtml,http://tjqk.magtech.com.cn/hzkj_yxb/CN/article/downloadArticleFile.do?attachType=PDF&id=537
538,PDF,2023,29,http://tjqk.magtech.com.cn/hzkj_yxb/CN/volumn/volumn_29.shtml,http://tjqk.magtech.com.cn/hzkj_yxb/CN/article/downloadArticleFile.do?attachType=PDF&id=538
804,PDF,2025,45,http://tjqk.magtech.com.cn/hzkj_yxb/CN/volumn/volumn_45.shtml,http://tjqk.magtech.com.cn/hzkj_yxb/CN/article/downloadArticleFile.do?attachType=PDF&id=804
805,PDF,2025,45,http://tjqk.magtech.com.cn/hzkj_yxb/CN/volumn/volumn_45.shtml,http://tjqk.magtech.com.cn/hzkj_yxb/CN/article/downloadArticleFile.do?attachType=PDF&id=805
806,PDF,2025,45,http://tjqk.magtech.com.cn/hzkj_yxb/CN/volumn/volumn_45.shtml,http://tjqk.magtech.com.cn/hzkj_yxb/CN/article/downloadArticleFile.do?attachType=PDF&id=806
807,PDF,2025,45,http://tjqk.magtech.com.cn/hzkj_yxb/CN/volumn/volumn_45.shtml,http://tjqk.magtech.com.cn/hzkj_yxb/CN/article/downloadArticleFile.do?attachType=PDF&id=807
808,PDF,2025,45,http://tjqk.magtech.com.cn/hzkj_yxb/CN/volumn/volumn_45.shtml,http://tjqk.magtech.com.cn/hzkj_yxb/CN/article/downloadArticleFile.do?attachType=PDF&id=808
809,PDF,2025,45,http://tjqk.magtech.com.cn/hzkj_yxb/CN/volumn/volumn_45.shtml,http://tjqk.magtech.com.cn/hzkj_yxb/CN/article/downloadArticleFile.do?attachType=PDF&id=809
810,PDF,2025,45,http://tjqk.magtech.com.cn/hzkj_yxb/CN/volumn/volumn_45.shtml,http://tjqk.magtech.com.cn/hzkj_yxb/CN/article/downloadArticleFile.do?attachType=PDF&id=810
811,PDF,2025,45,http://tjqk.magtech.com.cn/hzkj_yxb/CN/volumn/volumn_45.shtml,http://tjqk.magtech.com.cn/hzkj_yxb/CN/article/downloadArticleFile.do?attachType=PDF&id=811
812,PDF,2025,45,http://tjqk.magtech.com.cn/hzkj_yxb/CN/volumn/volumn_45.shtml,http://tjqk.magtech.com.cn/hzkj_yxb/CN/article/downloadArticleFile.do?attachType=PDF&id=812
813,PDF,2025,45,http://tjqk.magtech.com.cn/hzkj_yxb/CN/volumn/volumn_45.shtml,http://tjqk.magtech.com.cn/hzkj_yxb/CN/article/downloadArticleFile.do?attachType=PDF&id=813
814,PDF,2025,45,http://tjqk.magtech.com.cn/hzkj_yxb/CN/volumn/volumn_45.shtml,http://tjqk.magtech.com.cn/hzkj_yxb/CN/article/downloadArticleFile.do?attachType=PDF&id=814
815,PDF,2025,45,http://tjqk.magtech.com.cn/hzkj_yxb/CN/volumn/volumn_45.shtml,http://tjqk.magtech.com.cn/hzkj_yxb/CN/article/downloadArticleFile.do?attachType=PDF&id=815
816,PDF,2025,45,http://tjqk.magtech.com.cn/hzkj_yxb/CN/volumn/volumn_45.shtml,http://tjqk.magtech.com.cn/hzkj_yxb/CN/article/downloadArticleFile.do?attachType=PDF&id=816
817,PDF,2025,45,http://tjqk.magtech.com.cn/hzkj_yxb/CN/volumn/volumn_45.shtml,http://tjqk.magtech.com.cn/hzkj_yxb/CN/article/downloadArticleFile.do?attachType=PDF&id=817
818,PDF,2025,45,http://tjqk.magtech.com.cn/hzkj_yxb/CN/volumn/volumn_45.shtml,http://tjqk.magtech.com.cn/hzkj_yxb/CN/article/downloadArticleFile.do?attachType=PDF&id=818
819,PDF,2025,45,http://tjqk.magtech.com.cn/hzkj_yxb/CN/volumn/volumn_45.shtml,http://tjqk.magtech.com.cn/hzkj_yxb/CN/article/downloadArticleFile.do?attachType=PDF&id=819
820,PDF,2025,45,http://tjqk.magtech.com.cn/hzkj_yxb/CN/volumn/volumn_45.shtml,http://tjqk.magtech.com.cn/hzkj_yxb/CN/article/downloadArticleFile.do?attachType=PDF&id=820
821,PDF,2025,45,http://tjqk.magtech.com.cn/hzkj_yxb/CN/volumn/volumn_45.shtml,http://tjqk.magtech.com.cn/hzkj_yxb/CN/article/downloadArticleFile.do?attachType=PDF&id=821
822,PDF,2025,45,http://tjqk.magtech.com.cn/hzkj_yxb/CN/volumn/volumn_45.shtml,http://tjqk.magtech.com.cn/hzkj_yxb/CN/article/downloadArticleFile.do?attachType=PDF&id=822
823,PDF,2025,45,http://tjqk.magtech.com.cn/hzkj_yxb/CN/volumn/volumn_45.shtml,http://tjqk.magtech.com.cn/hzkj_yxb/CN/article/downloadArticleFile.do?attachType=PDF&id=823
824,PDF,2025,45,http://tjqk.magtech.com.cn/hzkj_yxb/CN/volumn/volumn_45.shtml,http://tjqk.magtech.com.cn/hzkj_yxb/CN/article/downloadArticleFile.do?attachType=PDF&id=824
825,PDF,2025,45,http://tjqk.magtech.com.cn/hzkj_yxb/CN/volumn/volumn_45.shtml,http://tjqk.magtech.com.cn/hzkj_yxb/CN/article/downloadArticleFile.do?attachType=PDF&id=825
826,PDF,2025,45,http://tjqk.magtech.com.cn/hzkj_yxb/CN/volumn/volumn_45.shtml,http://tjqk.magtech.com.cn/hzkj_yxb/CN/article/downloadArticleFile.do?attachType=PDF&id=826
782,PDF,2025,44,http://tjqk.magtech.com.cn/hzkj_yxb/CN/volumn/volumn_44.shtml,http://tjqk.magtech.com.cn/hzkj_yxb/CN/article/downloadArticleFile.do?attachType=PDF&id=782
783,PDF,2025,44,http://tjqk.magtech.com.cn/hzkj_yxb/CN/volumn/volumn_44.shtml,http://tjqk.magtech.com.cn/hzkj_yxb/CN/article/downloadArticleFile.do?attachType=PDF&id=783
784,PDF,2025,44,http://tjqk.magtech.com.cn/hzkj_yxb/CN/volumn/volumn_44.shtml,http://tjqk.magtech.com.cn/hzkj_yxb/CN/article/downloadArticleFile.do?attachType=PDF&id=784
785,PDF,2025,44,http://tjqk.magtech.com.cn/hzkj_yxb/CN/volumn/volumn_44.shtml,http://tjqk.magtech.com.cn/hzkj_yxb/CN/article/downloadArticleFile.do?attachType=PDF&id=785
786,PDF,2025,44,http://tjqk.magtech.com.cn/hzkj_yxb/CN/volumn/volumn_44.shtml,http://tjqk.magtech.com.cn/hzkj_yxb/CN/article/downloadArticleFile.do?attachType=PDF&id=786
787,PDF,2025,44,http://tjqk.magtech.com.cn/hzkj_yxb/CN/volumn/volumn_44.shtml,http://tjqk.magtech.com.cn/hzkj_yxb/CN/article/downloadArticleFile.do?attachType=PDF&id=787
788,PDF,2025,44,http://tjqk.magtech.com.cn/hzkj_yxb/CN/volumn/volumn_44.shtml,http://tjqk.magtech.com.cn/hzkj_yxb/CN/article/downloadArticleFile.do?attachType=PDF&id=788
789,PDF,2025,44,http://tjqk.magtech.com.cn/hzkj_yxb/CN/volumn/volumn_44.shtml,http://tjqk.magtech.com.cn/hzkj_yxb/CN/article/downloadArticleFile.do?attachType=PDF&id=789
790,PDF,2025,44,http://tjqk.magtech.com.cn/hzkj_yxb/CN/volumn/volumn_44.shtml,http://tjqk.magtech.com.cn/hzkj_yxb/CN/article/downloadArticleFile.do?attachType=PDF&id=790
791,PDF,2025,44,http://tjqk.magtech.com.cn/hzkj_yxb/CN/volumn/volumn_44.shtml,http://tjqk.magtech.com.cn/hzkj_yxb/CN/article/downloadArticleFile.do?attachType=PDF&id=791
792,PDF,2025,44,http://tjqk.magtech.com.cn/hzkj_yxb/CN/volumn/volumn_44.shtml,http://tjqk.magtech.com.cn/hzkj_yxb/CN/article/downloadArticleFile.do?attachType=PDF&id=792
793,PDF,2025,44,http://tjqk.magtech.com.cn/hzkj_yxb/CN/volumn/volumn_44.shtml,http://tjqk.magtech.com.cn/hzkj_yxb/CN/article/downloadArticleFile.do?attachType=PDF&id=793
794,PDF,2025,44,http://tjqk.magtech.com.cn/hzkj_yxb/CN/volumn/volumn_44.shtml,http://tjqk.magtech.com.cn/hzkj_yxb/CN/article/downloadArticleFile.do?attachType=PDF&id=794
795,PDF,2025,44,http://tjqk.magtech.com.cn/hzkj_yxb/CN/volumn/volumn_44.shtml,http://tjqk.magtech.com.cn/hzkj_yxb/CN/article/downloadArticleFile.do?attachType=PDF&id=795
796,PDF,2025,44,http://tjqk.magtech.com.cn/hzkj_yxb/CN/volumn/volumn_44.shtml,http://tjqk.magtech.com.cn/hzkj_yxb/CN/article/downloadArticleFile.do?attachType=PDF&id=796
797,PDF,2025,44,http://tjqk.magtech.com.cn/hzkj_yxb/CN/volumn/volumn_44.shtml,http://tjqk.magtech.com.cn/hzkj_yxb/CN/article/downloadArticleFile.do?attachType=PDF&id=797
798,PDF,2025,44,http://tjqk.magtech.com.cn/hzkj_yxb/CN/volumn/volumn_44.shtml,http://tjqk.magtech.com.cn/hzkj_yxb/CN/article/downloadArticleFile.do?attachType=PDF&id=798
799,PDF,2025,44,http://tjqk.magtech.com.cn/hzkj_yxb/CN/volumn/volumn_44.shtml,http://tjqk.magtech.com.cn/hzkj_yxb/CN/article/downloadArticleFile.do?attachType=PDF&id=799
800,PDF,2025,44,http://tjqk.magtech.com.cn/hzkj_yxb/CN/volumn/volumn_44.shtml,http://tjqk.magtech.com.cn/hzkj_yxb/CN/article/downloadArticleFile.do?attachType=PDF&id=800
801,PDF,2025,44,http://tjqk.magtech.com.cn/hzkj_yxb/CN/volumn/volumn_44.shtml,http://tjqk.magtech.com.cn/hzkj_yxb/CN/article/downloadArticleFile.do?attachType=PDF&id=801
802,PDF,2025,44,http://tjqk.magtech.com.cn/hzkj_yxb/CN/volumn/volumn_44.shtml,http://tjqk.magtech.com.cn/hzkj_yxb/CN/article/downloadArticleFile.do?attachType=PDF&id=802
803,PDF,2025,44,http://tjqk.magtech.com.cn/hzkj_yxb/CN/volumn/volumn_44.shtml,http://tjqk.magtech.com.cn/hzkj_yxb/CN/article/downloadArticleFile.do?attachType=PDF&id=803
351,PDF,2023,21,http://tjqk.magtech.com.cn/hzkj_yxb/CN/volumn/volumn_21.shtml,http://tjqk.magtech.com.cn/hzkj_yxb/CN/article/downloadArticleFile.do?attachType=PDF&id=351
352,PDF,2023,21,http://tjqk.magtech.com.cn/hzkj_yxb/CN/volumn/volumn_21.shtml,http://tjqk.magtech.com.cn/hzkj_yxb/CN/article/downloadArticleFile.do?attachType=PDF&id=352
353,PDF,2023,21,http://tjqk.magtech.com.cn/hzkj_yxb/CN/volumn/volumn_21.shtml,http://tjqk.magtech.com.cn/hzkj_yxb/CN/article/downloadArticleFile.do?attachType=PDF&id=353
354,PDF,2023,21,http://tjqk.magtech.com.cn/hzkj_yxb/CN/volumn/volumn_21.shtml,http://tjqk.magtech.com.cn/hzkj_yxb/CN/article/downloadArticleFile.do?attachType=PDF&id=354
355,PDF,2023,21,http://tjqk.magtech.com.cn/hzkj_yxb/CN/volumn/volumn_21.shtml,http://tjqk.magtech.com.cn/hzkj_yxb/CN/article/downloadArticleFile.do?attachType=PDF&id=355
356,PDF,2023,21,http://tjqk.magtech.com.cn/hzkj_yxb/CN/volumn/volumn_21.shtml,http://tjqk.magtech.com.cn/hzkj_yxb/CN/article/downloadArticleFile.do?attachType=PDF&id=356
357,PDF,2023,21,http://tjqk.magtech.com.cn/hzkj_yxb/CN/volumn/volumn_21.shtml,http://tjqk.magtech.com.cn/hzkj_yxb/CN/article/downloadArticleFile.do?attachType=PDF&id=357
358,PDF,2023,21,http://tjqk.magtech.com.cn/hzkj_yxb/CN/volumn/volumn_21.shtml,http://tjqk.magtech.com.cn/hzkj_yxb/CN/article/downloadArticleFile.do?attachType=PDF&id=358
359,PDF,2023,21,http://tjqk.magtech.com.cn/hzkj_yxb/CN/volumn/volumn_21.shtml,http://tjqk.magtech.com.cn/hzkj_yxb/CN/article/downloadArticleFile.do?attachType=PDF&id=359
360,PDF,2023,21,http://tjqk.magtech.com.cn/hzkj_yxb/CN/volumn/volumn_21.shtml,http://tjqk.magtech.com.cn/hzkj_yxb/CN/article/downloadArticleFile.do?attachType=PDF&id=360
361,PDF,2023,21,http://tjqk.magtech.com.cn/hzkj_yxb/CN/volumn/volumn_21.shtml,http://tjqk.magtech.com.cn/hzkj_yxb/CN/article/downloadArticleFile.do?attachType=PDF&id=361
362,PDF,2023,21,http://tjqk.magtech.com.cn/hzkj_yxb/CN/volumn/volumn_21.shtml,http://tjqk.magtech.com.cn/hzkj_yxb/CN/article/downloadArticleFile.do?attachType=PDF&id=362
363,PDF,2023,21,http://tjqk.magtech.com.cn/hzkj_yxb/CN/volumn/volumn_21.shtml,http://tjqk.magtech.com.cn/hzkj_yxb/CN/article/downloadArticleFile.do?attachType=PDF&id=363
364,PDF,2023,21,http://tjqk.magtech.com.cn/hzkj_yxb/CN/volumn/volumn_21.shtml,http://tjqk.magtech.com.cn/hzkj_yxb/CN/article/downloadArticleFile.do?attachType=PDF&id=364
365,PDF,2023,21,http://tjqk.magtech.com.cn/hzkj_yxb/CN/volumn/volumn_21.shtml,http://tjqk.magtech.com.cn/hzkj_yxb/CN/article/downloadArticleFile.do?attachType=PDF&id=365
366,PDF,2023,21,http://tjqk.magtech.com.cn/hzkj_yxb/CN/volumn/volumn_21.shtml,http://tjqk.magtech.com.cn/hzkj_yxb/CN/article/downloadArticleFile.do?attachType=PDF&id=366
367,PDF,2023,21,http://tjqk.magtech.com.cn/hzkj_yxb/CN/volumn/volumn_21.shtml,http://tjqk.magtech.com.cn/hzkj_yxb/CN/article/downloadArticleFile.do?attachType=PDF&id=367
368,PDF,2023,21,http://tjqk.magtech.com.cn/hzkj_yxb/CN/volumn/volumn_21.shtml,http://tjqk.magtech.com.cn/hzkj_yxb/CN/article/downloadArticleFile.do?attachType=PDF&id=368
369,PDF,2023,21,http://tjqk.magtech.com.cn/hzkj_yxb/CN/volumn/volumn_21.shtml,http://tjqk.magtech.com.cn/hzkj_yxb/CN/article/downloadArticleFile.do?attachType=PDF&id=369
370,PDF,2023,21,http://tjqk.magtech.com.cn/hzkj_yxb/CN/volumn/volumn_21.shtml,http://tjqk.magtech.com.cn/hzkj_yxb/CN/article/downloadArticleFile.do?attachType=PDF&id=370
371,PDF,2023,21,http://tjqk.magtech.com.cn/hzkj_yxb/CN/volumn/volumn_21.shtml,http://tjqk.magtech.com.cn/hzkj_yxb/CN/article/downloadArticleFile.do?attachType=PDF&id=371
372,PDF,2023,21,http://tjqk.magtech.com.cn/hzkj_yxb/CN/volumn/volumn_21.shtml,http://tjqk.magtech.com.cn/hzkj_yxb/CN/article/downloadArticleFile.do?attachType=PDF&id=372
373,PDF,2023,21,http://tjqk.magtech.com.cn/hzkj_yxb/CN/volumn/volumn_21.shtml,http://tjqk.magtech.com.cn/hzkj_yxb/CN/article/downloadArticleFile.do?attachType=PDF&id=373
55,PDF,2021,2,http://tjqk.magtech.com.cn/hzkj_yxb/CN/volumn/volumn_2.shtml,http://tjqk.magtech.com.cn/hzkj_yxb/CN/article/downloadArticleFile.do?attachType=PDF&id=55
56,PDF,2021,2,http://tjqk.magtech.com.cn/hzkj_yxb/CN/volumn/volumn_2.shtml,http://tjqk.magtech.com.cn/hzkj_yxb/CN/article/downloadArticleFile.do?attachType=PDF&id=56
57,PDF,2021,2,http://tjqk.magtech.com.cn/hzkj_yxb/CN/volumn/volumn_2.shtml,http://tjqk.magtech.com.cn/hzkj_yxb/CN/article/downloadArticleFile.do?attachType=PDF&id=57
58,PDF,2021,2,http://tjqk.magtech.com.cn/hzkj_yxb/CN/volumn/volumn_2.shtml,http://tjqk.magtech.com.cn/hzkj_yxb/CN/article/downloadArticleFile.do?attachType=PDF&id=58
59,PDF,2021,2,http://tjqk.magtech.com.cn/hzkj_yxb/CN/volumn/volumn_2.shtml,http://tjqk.magtech.com.cn/hzkj_yxb/CN/article/downloadArticleFile.do?attachType=PDF&id=59
60,PDF,2021,2,http://tjqk.magtech.com.cn/hzkj_yxb/CN/volumn/volumn_2.shtml,http://tjqk.magtech.com.cn/hzkj_yxb/CN/article/downloadArticleFile.do?attachType=PDF&id=60
61,PDF,2021,2,http://tjqk.magtech.com.cn/hzkj_yxb/CN/volumn/volumn_2.shtml,http://tjqk.magtech.com.cn/hzkj_yxb/CN/article/downloadArticleFile.do?attachType=PDF&id=61
62,PDF,2021,2,http://tjqk.magtech.com.cn/hzkj_yxb/CN/volumn/volumn_2.shtml,http://tjqk.magtech.com.cn/hzkj_yxb/CN/article/downloadArticleFile.do?attachType=PDF&id=62
63,PDF,2021,2,http://tjqk.magtech.com.cn/hzkj_yxb/CN/volumn/volumn_2.shtml,http://tjqk.magtech.com.cn/hzkj_yxb/CN/article/downloadArticleFile.do?attachType=PDF&id=63
64,PDF,2021,2,http://tjqk.magtech.com.cn/hzkj_yxb/CN/volumn/volumn_2.shtml,http://tjqk.magtech.com.cn/hzkj_yxb/CN/article/downloadArticleFile.do?attachType=PDF&id=64
65,PDF,2021,2,http://tjqk.magtech.com.cn/hzkj_yxb/CN/volumn/volumn_2.shtml,http://tjqk.magtech.com.cn/hzkj_yxb/CN/article/downloadArticleFile.do?attachType=PDF&id=65
66,PDF,2021,2,http://tjqk.magtech.com.cn/hzkj_yxb/CN/volumn/volumn_2.shtml,http://tjqk.magtech.com.cn/hzkj_yxb/CN/article/downloadArticleFile.do?attachType=PDF&id=66
67,PDF,2021,2,http://tjqk.magtech.com.cn/hzkj_yxb/CN/volumn/volumn_2.shtml,http://tjqk.magtech.com.cn/hzkj_yxb/CN/article/downloadArticleFile.do?attachType=PDF&id=67
68,PDF,2021,2,http://tjqk.magtech.com.cn/hzkj_yxb/CN/volumn/volumn_2.shtml,http://tjqk.magtech.com.cn/hzkj_yxb/CN/article/downloadArticleFile.do?attachType=PDF&id=68
69,PDF,2021,2,http://tjqk.magtech.com.cn/hzkj_yxb/CN/volumn/volumn_2.shtml,http://tjqk.magtech.com.cn/hzkj_yxb/CN/article/downloadArticleFile.do?attachType=PDF&id=69
70,PDF,2021,2,http://tjqk.magtech.com.cn/hzkj_yxb/CN/volumn/volumn_2.shtml,http://tjqk.magtech.com.cn/hzkj_yxb/CN/article/downloadArticleFile.do?attachType=PDF&id=70
71,PDF,2021,2,http://tjqk.magtech.com.cn/hzkj_yxb/CN/volumn/volumn_2.shtml,http://tjqk.magtech.com.cn/hzkj_yxb/CN/article/downloadArticleFile.do?attachType=PDF&id=71
72,PDF,2021,2,http://tjqk.magtech.com.cn/hzkj_yxb/CN/volumn/volumn_2.shtml,http://tjqk.magtech.com.cn/hzkj_yxb/CN/article/downloadArticleFile.do?attachType=PDF&id=72
73,PDF,2021,2,http://tjqk.magtech.com.cn/hzkj_yxb/CN/volumn/volumn_2.shtml,http://tjqk.magtech.com.cn/hzkj_yxb/CN/article/downloadArticleFile.do?attachType=PDF&id=73
74,PDF,2021,2,http://tjqk.magtech.com.cn/hzkj_yxb/CN/volumn/volumn_2.shtml,http://tjqk.magtech.com.cn/hzkj_yxb/CN/article/downloadArticleFile.do?attachType=PDF&id=74
75,PDF,2021,2,http://tjqk.magtech.com.cn/hzkj_yxb/CN/volumn/volumn_2.shtml,http://tjqk.magtech.com.cn/hzkj_yxb/CN/article/downloadArticleFile.do?attachType=PDF&id=75
76,PDF,2021,2,http://tjqk.magtech.com.cn/hzkj_yxb/CN/volumn/volumn_2.shtml,http://tjqk.magtech.com.cn/hzkj_yxb/CN/article/downloadArticleFile.do?attachType=PDF&id=76
77,PDF,2021,2,http://tjqk.magtech.com.cn/hzkj_yxb/CN/volumn/volumn_2.shtml,http://tjqk.magtech.com.cn/hzkj_yxb/CN/article/downloadArticleFile.do?attachType=PDF&id=77
78,PDF,2021,2,http://tjqk.magtech.com.cn/hzkj_yxb/CN/volumn/volumn_2.shtml,http://tjqk.magtech.com.cn/hzkj_yxb/CN/article/downloadArticleFile.do?attachType=PDF&id=78
427,PDF,2023,25,http://tjqk.magtech.com.cn/hzkj_yxb/CN/volumn/volumn_25.shtml,http://tjqk.magtech.com.cn/hzkj_yxb/CN/article/downloadArticleFile.do?attachType=PDF&id=427
428,PDF,2023,25,http://tjqk.magtech.com.cn/hzkj_yxb/CN/volumn/volumn_25.shtml,http://tjqk.magtech.com.cn/hzkj_yxb/CN/article/downloadArticleFile.do?attachType=PDF&id=428
429,PDF,2023,25,http://tjqk.magtech.com.cn/hzkj_yxb/CN/volumn/volumn_25.shtml,http://tjqk.magtech.com.cn/hzkj_yxb/CN/article/downloadArticleFile.do?attachType=PDF&id=429
430,PDF,2023,25,http://tjqk.magtech.com.cn/hzkj_yxb/CN/volumn/volumn_25.shtml,http://tjqk.magtech.com.cn/hzkj_yxb/CN/article/downloadArticleFile.do?attachType=PDF&id=430
431,PDF,2023,25,http://tjqk.magtech.com.cn/hzkj_yxb/CN/volumn/volumn_25.shtml,http://tjqk.magtech.com.cn/hzkj_yxb/CN/article/downloadArticleFile.do?attachType=PDF&id=431
432,PDF,2023,25,http://tjqk.magtech.com.cn/hzkj_yxb/CN/volumn/volumn_25.shtml,http://tjqk.magtech.com.cn/hzkj_yxb/CN/article/downloadArticleFile.do?attachType=PDF&id=432
433,PDF,2023,25,http://tjqk.magtech.com.cn/hzkj_yxb/CN/volumn/volumn_25.shtml,http://tjqk.magtech.com.cn/hzkj_yxb/CN/article/downloadArticleFile.do?attachType=PDF&id=433
434,PDF,2023,25,http://tjqk.magtech.com.cn/hzkj_yxb/CN/volumn/volumn_25.shtml,http://tjqk.magtech.com.cn/hzkj_yxb/CN/article/downloadArticleFile.do?attachType=PDF&id=434
435,PDF,2023,25,http://tjqk.magtech.com.cn/hzkj_yxb/CN/volumn/volumn_25.shtml,http://tjqk.magtech.com.cn/hzkj_yxb/CN/article/downloadArticleFile.do?attachType=PDF&id=435
436,PDF,2023,25,http://tjqk.magtech.com.cn/hzkj_yxb/CN/volumn/volumn_25.shtml,http://tjqk.magtech.com.cn/hzkj_yxb/CN/article/downloadArticleFile.do?attachType=PDF&id=436
437,PDF,2023,25,http://tjqk.magtech.com.cn/hzkj_yxb/CN/volumn/volumn_25.shtml,http://tjqk.magtech.com.cn/hzkj_yxb/CN/article/downloadArticleFile.do?attachType=PDF&id=437
438,PDF,2023,25,http://tjqk.magtech.com.cn/hzkj_yxb/CN/volumn/volumn_25.shtml,http://tjqk.magtech.com.cn/hzkj_yxb/CN/article/downloadArticleFile.do?attachType=PDF&id=438
439,PDF,2023,25,http://tjqk.magtech.com.cn/hzkj_yxb/CN/volumn/volumn_25.shtml,http://tjqk.magtech.com.cn/hzkj_yxb/CN/article/downloadArticleFile.do?attachType=PDF&id=439
440,PDF,2023,25,http://tjqk.magtech.com.cn/hzkj_yxb/CN/volumn/volumn_25.shtml,http://tjqk.magtech.com.cn/hzkj_yxb/CN/article/downloadArticleFile.do?attachType=PDF&id=440
441,PDF,2023,25,http://tjqk.magtech.com.cn/hzkj_yxb/CN/volumn/volumn_25.shtml,http://tjqk.magtech.com.cn/hzkj_yxb/CN/article/downloadArticleFile.do?attachType=PDF&id=441
442,PDF,2023,25,http://tjqk.magtech.com.cn/hzkj_yxb/CN/volumn/volumn_25.shtml,http://tjqk.magtech.com.cn/hzkj_yxb/CN/article/downloadArticleFile.do?attachType=PDF&id=442
443,PDF,2023,25,http://tjqk.magtech.com.cn/hzkj_yxb/CN/volumn/volumn_25.shtml,http://tjqk.magtech.com.cn/hzkj_yxb/CN/article/downloadArticleFile.do?attachType=PDF&id=443
444,PDF,2023,25,http://tjqk.magtech.com.cn/hzkj_yxb/CN/volumn/volumn_25.shtml,http://tjqk.magtech.com.cn/hzkj_yxb/CN/article/downloadArticleFile.do?attachType=PDF&id=444
445,PDF,2023,25,http://tjqk.magtech.com.cn/hzkj_yxb/CN/volumn/volumn_25.shtml,http://tjqk.magtech.com.cn/hzkj_yxb/CN/article/downloadArticleFile.do?attachType=PDF&id=445
446,PDF,2023,25,http://tjqk.magtech.com.cn/hzkj_yxb/CN/volumn/volumn_25.shtml,http://tjqk.magtech.com.cn/hzkj_yxb/CN/article/downloadArticleFile.do?attachType=PDF&id=446
447,PDF,2023,25,http://tjqk.magtech.com.cn/hzkj_yxb/CN/volumn/volumn_25.shtml,http://tjqk.magtech.com.cn/hzkj_yxb/CN/article/downloadArticleFile.do?attachType=PDF&id=447
448,PDF,2023,25,http://tjqk.magtech.com.cn/hzkj_yxb/CN/volumn/volumn_25.shtml,http://tjqk.magtech.com.cn/hzkj_yxb/CN/article/downloadArticleFile.do?attachType=PDF&id=448
449,PDF,2023,25,http://tjqk.magtech.com.cn/hzkj_yxb/CN/volumn/volumn_25.shtml,http://tjqk.magtech.com.cn/hzkj_yxb/CN/article/downloadArticleFile.do?attachType=PDF&id=449
450,PDF,2023,25,http://tjqk.magtech.com.cn/hzkj_yxb/CN/volumn/volumn_25.shtml,http://tjqk.magtech.com.cn/hzkj_yxb/CN/article/downloadArticleFile.do?attachType=PDF&id=450
466,PDF,2023,27,http://tjqk.magtech.com.cn/hzkj_yxb/CN/volumn/volumn_27.shtml,http://tjqk.magtech.com.cn/hzkj_yxb/CN/article/downloadArticleFile.do?attachType=PDF&id=466
467,PDF,2023,27,http://tjqk.magtech.com.cn/hzkj_yxb/CN/volumn/volumn_27.shtml,http://tjqk.magtech.com.cn/hzkj_yxb/CN/article/downloadArticleFile.do?attachType=PDF&id=467
468,PDF,2023,27,http://tjqk.magtech.com.cn/hzkj_yxb/CN/volumn/volumn_27.shtml,http://tjqk.magtech.com.cn/hzkj_yxb/CN/article/downloadArticleFile.do?attachType=PDF&id=468
469,PDF,2023,27,http://tjqk.magtech.com.cn/hzkj_yxb/CN/volumn/volumn_27.shtml,http://tjqk.magtech.com.cn/hzkj_yxb/CN/article/downloadArticleFile.do?attachType=PDF&id=469
470,PDF,2023,27,http://tjqk.magtech.com.cn/hzkj_yxb/CN/volumn/volumn_27.shtml,http://tjqk.magtech.com.cn/hzkj_yxb/CN/article/downloadArticleFile.do?attachType=PDF&id=470
471,PDF,2023,27,http://tjqk.magtech.com.cn/hzkj_yxb/CN/volumn/volumn_27.shtml,http://tjqk.magtech.com.cn/hzkj_yxb/CN/article/downloadArticleFile.do?attachType=PDF&id=471
472,PDF,2023,27,http://tjqk.magtech.com.cn/hzkj_yxb/CN/volumn/volumn_27.shtml,http://tjqk.magtech.com.cn/hzkj_yxb/CN/article/downloadArticleFile.do?attachType=PDF&id=472
473,PDF,2023,27,http://tjqk.magtech.com.cn/hzkj_yxb/CN/volumn/volumn_27.shtml,http://tjqk.magtech.com.cn/hzkj_yxb/CN/article/downloadArticleFile.do?attachType=PDF&id=473
474,PDF,2023,27,http://tjqk.magtech.com.cn/hzkj_yxb/CN/volumn/volumn_27.shtml,http://tjqk.magtech.com.cn/hzkj_yxb/CN/article/downloadArticleFile.do?attachType=PDF&id=474
475,PDF,2023,27,http://tjqk.magtech.com.cn/hzkj_yxb/CN/volumn/volumn_27.shtml,http://tjqk.magtech.com.cn/hzkj_yxb/CN/article/downloadArticleFile.do?attachType=PDF&id=475
476,PDF,2023,27,http://tjqk.magtech.com.cn/hzkj_yxb/CN/volumn/volumn_27.shtml,http://tjqk.magtech.com.cn/hzkj_yxb/CN/article/downloadArticleFile.do?attachType=PDF&id=476
477,PDF,2023,27,http://tjqk.magtech.com.cn/hzkj_yxb/CN/volumn/volumn_27.shtml,http://tjqk.magtech.com.cn/hzkj_yxb/CN/article/downloadArticleFile.do?attachType=PDF&id=477
478,PDF,2023,27,http://tjqk.magtech.com.cn/hzkj_yxb/CN/volumn/volumn_27.shtml,http://tjqk.magtech.com.cn/hzkj_yxb/CN/article/downloadArticleFile.do?attachType=PDF&id=478
479,PDF,2023,27,http://tjqk.magtech.com.cn/hzkj_yxb/CN/volumn/volumn_27.shtml,http://tjqk.magtech.com.cn/hzkj_yxb/CN/article/downloadArticleFile.do?attachType=PDF&id=479
480,PDF,2023,27,http://tjqk.magtech.com.cn/hzkj_yxb/CN/volumn/volumn_27.shtml,http://tjqk.magtech.com.cn/hzkj_yxb/CN/article/downloadArticleFile.do?attachType=PDF&id=480
481,PDF,2023,27,http://tjqk.magtech.com.cn/hzkj_yxb/CN/volumn/volumn_27.shtml,http://tjqk.magtech.com.cn/hzkj_yxb/CN/article/downloadArticleFile.do?attachType=PDF&id=481
482,PDF,2023,27,http://tjqk.magtech.com.cn/hzkj_yxb/CN/volumn/volumn_27.shtml,http://tjqk.magtech.com.cn/hzkj_yxb/CN/article/downloadArticleFile.do?attachType=PDF&id=482
483,PDF,2023,27,http://tjqk.magtech.com.cn/hzkj_yxb/CN/volumn/volumn_27.shtml,http://tjqk.magtech.com.cn/hzkj_yxb/CN/article/downloadArticleFile.do?attachType=PDF&id=483
484,PDF,2023,27,http://tjqk.magtech.com.cn/hzkj_yxb/CN/volumn/volumn_27.shtml,http://tjqk.magtech.com.cn/hzkj_yxb/CN/article/downloadArticleFile.do?attachType=PDF&id=484
485,PDF,2023,27,http://tjqk.magtech.com.cn/hzkj_yxb/CN/volumn/volumn_27.shtml,http://tjqk.magtech.com.cn/hzkj_yxb/CN/article/downloadArticleFile.do?attachType=PDF&id=485
486,PDF,2023,27,http://tjqk.magtech.com.cn/hzkj_yxb/CN/volumn/volumn_27.shtml,http://tjqk.magtech.com.cn/hzkj_yxb/CN/article/downloadArticleFile.do?attachType=PDF&id=486
487,PDF,2023,27,http://tjqk.magtech.com.cn/hzkj_yxb/CN/volumn/volumn_27.shtml,http://tjqk.magtech.com.cn/hzkj_yxb/CN/article/downloadArticleFile.do?attachType=PDF&id=487
488,PDF,2023,27,http://tjqk.magtech.com.cn/hzkj_yxb/CN/volumn/volumn_27.shtml,http://tjqk.magtech.com.cn/hzkj_yxb/CN/article/downloadArticleFile.do?attachType=PDF&id=488
16,PDF,2021,1,http://tjqk.magtech.com.cn/hzkj_yxb/CN/volumn/volumn_1.shtml,http://tjqk.magtech.com.cn/hzkj_yxb/CN/article/downloadArticleFile.do?attachType=PDF&id=16
17,PDF,2021,1,http://tjqk.magtech.com.cn/hzkj_yxb/CN/volumn/volumn_1.shtml,http://tjqk.magtech.com.cn/hzkj_yxb/CN/article/downloadArticleFile.do?attachType=PDF&id=17
18,PDF,2021,1,http://tjqk.magtech.com.cn/hzkj_yxb/CN/volumn/volumn_1.shtml,http://tjqk.magtech.com.cn/hzkj_yxb/CN/article/downloadArticleFile.do?attachType=PDF&id=18
19,PDF,2021,1,http://tjqk.magtech.com.cn/hzkj_yxb/CN/volumn/volumn_1.shtml,http://tjqk.magtech.com.cn/hzkj_yxb/CN/article/downloadArticleFile.do?attachType=PDF&id=19
20,PDF,2021,1,http://tjqk.magtech.com.cn/hzkj_yxb/CN/volumn/volumn_1.shtml,http://tjqk.magtech.com.cn/hzkj_yxb/CN/article/downloadArticleFile.do?attachType=PDF&id=20
21,PDF,2021,1,http://tjqk.magtech.com.cn/hzkj_yxb/CN/volumn/volumn_1.shtml,http://tjqk.magtech.com.cn/hzkj_yxb/CN/article/downloadArticleFile.do?attachType=PDF&id=21
22,PDF,2021,1,http://tjqk.magtech.com.cn/hzkj_yxb/CN/volumn/volumn_1.shtml,http://tjqk.magtech.com.cn/hzkj_yxb/CN/article/downloadArticleFile.do?attachType=PDF&id=22
23,PDF,2021,1,http://tjqk.magtech.com.cn/hzkj_yxb/CN/volumn/volumn_1.shtml,http://tjqk.magtech.com.cn/hzkj_yxb/CN/article/downloadArticleFile.do?attachType=PDF&id=23
24,PDF,2021,1,http://tjqk.magtech.com.cn/hzkj_yxb/CN/volumn/volumn_1.shtml,http://tjqk.magtech.com.cn/hzkj_yxb/CN/article/downloadArticleFile.do?attachType=PDF&id=24
25,PDF,2021,1,http://tjqk.magtech.com.cn/hzkj_yxb/CN/volumn/volumn_1.shtml,http://tjqk.magtech.com.cn/hzkj_yxb/CN/article/downloadArticleFile.do?attachType=PDF&id=25
26,PDF,2021,1,http://tjqk.magtech.com.cn/hzkj_yxb/CN/volumn/volumn_1.shtml,http://tjqk.magtech.com.cn/hzkj_yxb/CN/article/downloadArticleFile.do?attachType=PDF&id=26
27,PDF,2021,1,http://tjqk.magtech.com.cn/hzkj_yxb/CN/volumn/volumn_1.shtml,http://tjqk.magtech.com.cn/hzkj_yxb/CN/article/downloadArticleFile.do?attachType=PDF&id=27
28,PDF,2021,1,http://tjqk.magtech.com.cn/hzkj_yxb/CN/volumn/volumn_1.shtml,http://tjqk.magtech.com.cn/hzkj_yxb/CN/article/downloadArticleFile.do?attachType=PDF&id=28
29,PDF,2021,1,http://tjqk.magtech.com.cn/hzkj_yxb/CN/volumn/volumn_1.shtml,http://tjqk.magtech.com.cn/hzkj_yxb/CN/article/downloadArticleFile.do?attachType=PDF&id=29
30,PDF,2021,1,http://tjqk.magtech.com.cn/hzkj_yxb/CN/volumn/volumn_1.shtml,http://tjqk.magtech.com.cn/hzkj_yxb/CN/article/downloadArticleFile.do?attachType=PDF&id=30
31,PDF,2021,1,http://tjqk.magtech.com.cn/hzkj_yxb/CN/volumn/volumn_1.shtml,http://tjqk.magtech.com.cn/hzkj_yxb/CN/article/downloadArticleFile.do?attachType=PDF&id=31
32,PDF,2021,1,http://tjqk.magtech.com.cn/hzkj_yxb/CN/volumn/volumn_1.shtml,http://tjqk.magtech.com.cn/hzkj_yxb/CN/article/downloadArticleFile.do?attachType=PDF&id=32
33,PDF,2021,1,http://tjqk.magtech.com.cn/hzkj_yxb/CN/volumn/volumn_1.shtml,http://tjqk.magtech.com.cn/hzkj_yxb/CN/article/downloadArticleFile.do?attachType=PDF&id=33
34,PDF,2021,1,http://tjqk.magtech.com.cn/hzkj_yxb/CN/volumn/volumn_1.shtml,http://tjqk.magtech.com.cn/hzkj_yxb/CN/article/downloadArticleFile.do?attachType=PDF&id=34
35,PDF,2021,1,http://tjqk.magtech.com.cn/hzkj_yxb/CN/volumn/volumn_1.shtml,http://tjqk.magtech.com.cn/hzkj_yxb/CN/article/downloadArticleFile.do?attachType=PDF&id=35
36,PDF,2021,1,http://tjqk.magtech.com.cn/hzkj_yxb/CN/volumn/volumn_1.shtml,http://tjqk.magtech.com.cn/hzkj_yxb/CN/article/downloadArticleFile.do?attachType=PDF&id=36
37,PDF,2021,1,http://tjqk.magtech.com.cn/hzkj_yxb/CN/volumn/volumn_1.shtml,http://tjqk.magtech.com.cn/hzkj_yxb/CN/article/downloadArticleFile.do?attachType=PDF&id=37
38,PDF,2021,1,http://tjqk.magtech.com.cn/hzkj_yxb/CN/volumn/volumn_1.shtml,http://tjqk.magtech.com.cn/hzkj_yxb/CN/article/downloadArticleFile.do?attachType=PDF&id=38
689,PDF,2024,39,http://tjqk.magtech.com.cn/hzkj_yxb/CN/volumn/volumn_39.shtml,http://tjqk.magtech.com.cn/hzkj_yxb/CN/article/downloadArticleFile.do?attachType=PDF&id=689
690,PDF,2024,39,http://tjqk.magtech.com.cn/hzkj_yxb/CN/volumn/volumn_39.shtml,http://tjqk.magtech.com.cn/hzkj_yxb/CN/article/downloadArticleFile.do?attachType=PDF&id=690
691,PDF,2024,39,http://tjqk.magtech.com.cn/hzkj_yxb/CN/volumn/volumn_39.shtml,http://tjqk.magtech.com.cn/hzkj_yxb/CN/article/downloadArticleFile.do?attachType=PDF&id=691
692,PDF,2024,39,http://tjqk.magtech.com.cn/hzkj_yxb/CN/volumn/volumn_39.shtml,http://tjqk.magtech.com.cn/hzkj_yxb/CN/article/downloadArticleFile.do?attachType=PDF&id=692
693,PDF,2024,39,http://tjqk.magtech.com.cn/hzkj_yxb/CN/volumn/volumn_39.shtml,http://tjqk.magtech.com.cn/hzkj_yxb/CN/article/downloadArticleFile.do?attachType=PDF&id=693
694,PDF,2024,39,http://tjqk.magtech.com.cn/hzkj_yxb/CN/volumn/volumn_39.shtml,http://tjqk.magtech.com.cn/hzkj_yxb/CN/article/downloadArticleFile.do?attachType=PDF&id=694
695,PDF,2024,39,http://tjqk.magtech.com.cn/hzkj_yxb/CN/volumn/volumn_39.shtml,http://tjqk.magtech.com.cn/hzkj_yxb/CN/article/downloadArticleFile.do?attachType=PDF&id=695
696,PDF,2024,39,http://tjqk.magtech.com.cn/hzkj_yxb/CN/volumn/volumn_39.shtml,http://tjqk.magtech.com.cn/hzkj_yxb/CN/article/downloadArticleFile.do?attachType=PDF&id=696
697,PDF,2024,39,http://tjqk.magtech.com.cn/hzkj_yxb/CN/volumn/volumn_39.shtml,http://tjqk.magtech.com.cn/hzkj_yxb/CN/article/downloadArticleFile.do?attachType=PDF&id=697
698,PDF,2024,39,http://tjqk.magtech.com.cn/hzkj_yxb/CN/volumn/volumn_39.shtml,http://tjqk.magtech.com.cn/hzkj_yxb/CN/article/downloadArticleFile.do?attachType=PDF&id=698
699,PDF,2024,39,http://tjqk.magtech.com.cn/hzkj_yxb/CN/volumn/volumn_39.shtml,http://tjqk.magtech.com.cn/hzkj_yxb/CN/article/downloadArticleFile.do?attachType=PDF&id=699
700,PDF,2024,39,http://tjqk.magtech.com.cn/hzkj_yxb/CN/volumn/volumn_39.shtml,http://tjqk.magtech.com.cn/hzkj_yxb/CN/article/downloadArticleFile.do?attachType=PDF&id=700
702,PDF,2024,39,http://tjqk.magtech.com.cn/hzkj_yxb/CN/volumn/volumn_39.shtml,http://tjqk.magtech.com.cn/hzkj_yxb/CN/article/downloadArticleFile.do?attachType=PDF&id=702
708,PDF,2024,39,http://tjqk.magtech.com.cn/hzkj_yxb/CN/volumn/volumn_39.shtml,http://tjqk.magtech.com.cn/hzkj_yxb/CN/article/downloadArticleFile.do?attachType=PDF&id=708
710,PDF,2024,39,http://tjqk.magtech.com.cn/hzkj_yxb/CN/volumn/volumn_39.shtml,http://tjqk.magtech.com.cn/hzkj_yxb/CN/article/downloadArticleFile.do?attachType=PDF&id=710
714,PDF,2024,39,http://tjqk.magtech.com.cn/hzkj_yxb/CN/volumn/volumn_39.shtml,http://tjqk.magtech.com.cn/hzkj_yxb/CN/article/downloadArticleFile.do?attachType=PDF&id=714
718,PDF,2024,39,http://tjqk.magtech.com.cn/hzkj_yxb/CN/volumn/volumn_39.shtml,http://tjqk.magtech.com.cn/hzkj_yxb/CN/article/downloadArticleFile.do?attachType=PDF&id=718
724,PDF,2024,39,http://tjqk.magtech.com.cn/hzkj_yxb/CN/volumn/volumn_39.shtml,http://tjqk.magtech.com.cn/hzkj_yxb/CN/article/downloadArticleFile.do?attachType=PDF&id=724
725,PDF,2024,39,http://tjqk.magtech.com.cn/hzkj_yxb/CN/volumn/volumn_39.shtml,http://tjqk.magtech.com.cn/hzkj_yxb/CN/article/downloadArticleFile.do?attachType=PDF&id=725
726,PDF,2024,39,http://tjqk.magtech.com.cn/hzkj_yxb/CN/volumn/volumn_39.shtml,http://tjqk.magtech.com.cn/hzkj_yxb/CN/article/downloadArticleFile.do?attachType=PDF&id=726
727,PDF,2024,39,http://tjqk.magtech.com.cn/hzkj_yxb/CN/volumn/volumn_39.shtml,http://tjqk.magtech.com.cn/hzkj_yxb/CN/article/downloadArticleFile.do?attachType=PDF&id=727
728,PDF,2024,39,http://tjqk.magtech.com.cn/hzkj_yxb/CN/volumn/volumn_39.shtml,http://tjqk.magtech.com.cn/hzkj_yxb/CN/article/downloadArticleFile.do?attachType=PDF&id=728
173,PDF,2022,11,http://tjqk.magtech.com.cn/hzkj_yxb/CN/volumn/volumn_11.shtml,http://tjqk.magtech.com.cn/hzkj_yxb/CN/article/downloadArticleFile.do?attachType=PDF&id=173
174,PDF,2022,11,http://tjqk.magtech.com.cn/hzkj_yxb/CN/volumn/volumn_11.shtml,http://tjqk.magtech.com.cn/hzkj_yxb/CN/article/downloadArticleFile.do?attachType=PDF&id=174
175,PDF,2022,11,http://tjqk.magtech.com.cn/hzkj_yxb/CN/volumn/volumn_11.shtml,http://tjqk.magtech.com.cn/hzkj_yxb/CN/article/downloadArticleFile.do?attachType=PDF&id=175
176,PDF,2022,11,http://tjqk.magtech.com.cn/hzkj_yxb/CN/volumn/volumn_11.shtml,http://tjqk.magtech.com.cn/hzkj_yxb/CN/article/downloadArticleFile.do?attachType=PDF&id=176
177,PDF,2022,11,http://tjqk.magtech.com.cn/hzkj_yxb/CN/volumn/volumn_11.shtml,http://tjqk.magtech.com.cn/hzkj_yxb/CN/article/downloadArticleFile.do?attachType=PDF&id=177
178,PDF,2022,11,http://tjqk.magtech.com.cn/hzkj_yxb/CN/volumn/volumn_11.shtml,http://tjqk.magtech.com.cn/hzkj_yxb/CN/article/downloadArticleFile.do?attachType=PDF&id=178
179,PDF,2022,11,http://tjqk.magtech.com.cn/hzkj_yxb/CN/volumn/volumn_11.shtml,http://tjqk.magtech.com.cn/hzkj_yxb/CN/article/downloadArticleFile.do?attachType=PDF&id=179
180,PDF,2022,11,http://tjqk.magtech.com.cn/hzkj_yxb/CN/volumn/volumn_11.shtml,http://tjqk.magtech.com.cn/hzkj_yxb/CN/article/downloadArticleFile.do?attachType=PDF&id=180
181,PDF,2022,11,http://tjqk.magtech.com.cn/hzkj_yxb/CN/volumn/volumn_11.shtml,http://tjqk.magtech.com.cn/hzkj_yxb/CN/article/downloadArticleFile.do?attachType=PDF&id=181
182,PDF,2022,11,http://tjqk.magtech.com.cn/hzkj_yxb/CN/volumn/volumn_11.shtml,http://tjqk.magtech.com.cn/hzkj_yxb/CN/article/downloadArticleFile.do?attachType=PDF&id=182
183,PDF,2022,11,http://tjqk.magtech.com.cn/hzkj_yxb/CN/volumn/volumn_11.shtml,http://tjqk.magtech.com.cn/hzkj_yxb/CN/article/downloadArticleFile.do?attachType=PDF&id=183
184,PDF,2022,11,http://tjqk.magtech.com.cn/hzkj_yxb/CN/volumn/volumn_11.shtml,http://tjqk.magtech.com.cn/hzkj_yxb/CN/article/downloadArticleFile.do?attachType=PDF&id=184
185,PDF,2022,11,http://tjqk.magtech.com.cn/hzkj_yxb/CN/volumn/volumn_11.shtml,http://tjqk.magtech.com.cn/hzkj_yxb/CN/article/downloadArticleFile.do?attachType=PDF&id=185
186,PDF,2022,11,http://tjqk.magtech.com.cn/hzkj_yxb/CN/volumn/volumn_11.shtml,http://tjqk.magtech.com.cn/hzkj_yxb/CN/article/downloadArticleFile.do?attachType=PDF&id=186
187,PDF,2022,11,http://tjqk.magtech.com.cn/hzkj_yxb/CN/volumn/volumn_11.shtml,http://tjqk.magtech.com.cn/hzkj_yxb/CN/article/downloadArticleFile.do?attachType=PDF&id=187
188,PDF,2022,11,http://tjqk.magtech.com.cn/hzkj_yxb/CN/volumn/volumn_11.shtml,http://tjqk.magtech.com.cn/hzkj_yxb/CN/article/downloadArticleFile.do?attachType=PDF&id=188
189,PDF,2022,11,http://tjqk.magtech.com.cn/hzkj_yxb/CN/volumn/volumn_11.shtml,http://tjqk.magtech.com.cn/hzkj_yxb/CN/article/downloadArticleFile.do?attachType=PDF&id=189
190,PDF,2022,11,http://tjqk.magtech.com.cn/hzkj_yxb/CN/volumn/volumn_11.shtml,http://tjqk.magtech.com.cn/hzkj_yxb/CN/article/downloadArticleFile.do?attachType=PDF&id=190
191,PDF,2022,11,http://tjqk.magtech.com.cn/hzkj_yxb/CN/volumn/volumn_11.shtml,http://tjqk.magtech.com.cn/hzkj_yxb/CN/article/downloadArticleFile.do?attachType=PDF&id=191
192,PDF,2022,11,http://tjqk.magtech.com.cn/hzkj_yxb/CN/volumn/volumn_11.shtml,http://tjqk.magtech.com.cn/hzkj_yxb/CN/article/downloadArticleFile.do?attachType=PDF&id=192
193,PDF,2022,11,http://tjqk.magtech.com.cn/hzkj_yxb/CN/volumn/volumn_11.shtml,http://tjqk.magtech.com.cn/hzkj_yxb/CN/article/downloadArticleFile.do?attachType=PDF&id=193
194,PDF,2022,11,http://tjqk.magtech.com.cn/hzkj_yxb/CN/volumn/volumn_11.shtml,http://tjqk.magtech.com.cn/hzkj_yxb/CN/article/downloadArticleFile.do?attachType=PDF&id=194
195,PDF,2022,11,http://tjqk.magtech.com.cn/hzkj_yxb/CN/volumn/volumn_11.shtml,http://tjqk.magtech.com.cn/hzkj_yxb/CN/article/downloadArticleFile.do?attachType=PDF&id=195
196,PDF,2022,11,http://tjqk.magtech.com.cn/hzkj_yxb/CN/volumn/volumn_11.shtml,http://tjqk.magtech.com.cn/hzkj_yxb/CN/article/downloadArticleFile.do?attachType=PDF&id=196
404,PDF,2023,24,http://tjqk.magtech.com.cn/hzkj_yxb/CN/volumn/volumn_24.shtml,http://tjqk.magtech.com.cn/hzkj_yxb/CN/article/downloadArticleFile.do?attachType=PDF&id=404
405,PDF,2023,24,http://tjqk.magtech.com.cn/hzkj_yxb/CN/volumn/volumn_24.shtml,http://tjqk.magtech.com.cn/hzkj_yxb/CN/article/downloadArticleFile.do?attachType=PDF&id=405
406,PDF,2023,24,http://tjqk.magtech.com.cn/hzkj_yxb/CN/volumn/volumn_24.shtml,http://tjqk.magtech.com.cn/hzkj_yxb/CN/article/downloadArticleFile.do?attachType=PDF&id=406
407,PDF,2023,24,http://tjqk.magtech.com.cn/hzkj_yxb/CN/volumn/volumn_24.shtml,http://tjqk.magtech.com.cn/hzkj_yxb/CN/article/downloadArticleFile.do?attachType=PDF&id=407
408,PDF,2023,24,http://tjqk.magtech.com.cn/hzkj_yxb/CN/volumn/volumn_24.shtml,http://tjqk.magtech.com.cn/hzkj_yxb/CN/article/downloadArticleFile.do?attachType=PDF&id=408
409,PDF,2023,24,http://tjqk.magtech.com.cn/hzkj_yxb/CN/volumn/volumn_24.shtml,http://tjqk.magtech.com.cn/hzkj_yxb/CN/article/downloadArticleFile.do?attachType=PDF&id=409
410,PDF,2023,24,http://tjqk.magtech.com.cn/hzkj_yxb/CN/volumn/volumn_24.shtml,http://tjqk.magtech.com.cn/hzkj_yxb/CN/article/downloadArticleFile.do?attachType=PDF&id=410
411,PDF,2023,24,http://tjqk.magtech.com.cn/hzkj_yxb/CN/volumn/volumn_24.shtml,http://tjqk.magtech.com.cn/hzkj_yxb/CN/article/downloadArticleFile.do?attachType=PDF&id=411
412,PDF,2023,24,http://tjqk.magtech.com.cn/hzkj_yxb/CN/volumn/volumn_24.shtml,http://tjqk.magtech.com.cn/hzkj_yxb/CN/article/downloadArticleFile.do?attachType=PDF&id=412
413,PDF,2023,24,http://tjqk.magtech.com.cn/hzkj_yxb/CN/volumn/volumn_24.shtml,http://tjqk.magtech.com.cn/hzkj_yxb/CN/article/downloadArticleFile.do?attachType=PDF&id=413
415,PDF,2023,24,http://tjqk.magtech.com.cn/hzkj_yxb/CN/volumn/volumn_24.shtml,http://tjqk.magtech.com.cn/hzkj_yxb/CN/article/downloadArticleFile.do?attachType=PDF&id=415
416,PDF,2023,24,http://tjqk.magtech.com.cn/hzkj_yxb/CN/volumn/volumn_24.shtml,http://tjqk.magtech.com.cn/hzkj_yxb/CN/article/downloadArticleFile.do?attachType=PDF&id=416
417,PDF,2023,24,http://tjqk.magtech.com.cn/hzkj_yxb/CN/volumn/volumn_24.shtml,http://tjqk.magtech.com.cn/hzkj_yxb/CN/article/downloadArticleFile.do?attachType=PDF&id=417
418,PDF,2023,24,http://tjqk.magtech.com.cn/hzkj_yxb/CN/volumn/volumn_24.shtml,http://tjqk.magtech.com.cn/hzkj_yxb/CN/article/downloadArticleFile.do?attachType=PDF&id=418
419,PDF,2023,24,http://tjqk.magtech.com.cn/hzkj_yxb/CN/volumn/volumn_24.shtml,http://tjqk.magtech.com.cn/hzkj_yxb/CN/article/downloadArticleFile.do?attachType=PDF&id=419
420,PDF,2023,24,http://tjqk.magtech.com.cn/hzkj_yxb/CN/volumn/volumn_24.shtml,http://tjqk.magtech.com.cn/hzkj_yxb/CN/article/downloadArticleFile.do?attachType=PDF&id=420
421,PDF,2023,24,http://tjqk.magtech.com.cn/hzkj_yxb/CN/volumn/volumn_24.shtml,http://tjqk.magtech.com.cn/hzkj_yxb/CN/article/downloadArticleFile.do?attachType=PDF&id=421
422,PDF,2023,24,http://tjqk.magtech.com.cn/hzkj_yxb/CN/volumn/volumn_24.shtml,http://tjqk.magtech.com.cn/hzkj_yxb/CN/article/downloadArticleFile.do?attachType=PDF&id=422
423,PDF,2023,24,http://tjqk.magtech.com.cn/hzkj_yxb/CN/volumn/volumn_24.shtml,http://tjqk.magtech.com.cn/hzkj_yxb/CN/article/downloadArticleFile.do?attachType=PDF&id=423
403,PDF,2023,24,http://tjqk.magtech.com.cn/hzkj_yxb/CN/volumn/volumn_24.shtml,http://tjqk.magtech.com.cn/hzkj_yxb/CN/article/downloadArticleFile.do?attachType=PDF&id=403
424,PDF,2023,24,http://tjqk.magtech.com.cn/hzkj_yxb/CN/volumn/volumn_24.shtml,http://tjqk.magtech.com.cn/hzkj_yxb/CN/article/downloadArticleFile.do?attachType=PDF&id=424
425,PDF,2023,24,http://tjqk.magtech.com.cn/hzkj_yxb/CN/volumn/volumn_24.shtml,http://tjqk.magtech.com.cn/hzkj_yxb/CN/article/downloadArticleFile.do?attachType=PDF&id=425
426,PDF,2023,24,http://tjqk.magtech.com.cn/hzkj_yxb/CN/volumn/volumn_24.shtml,http://tjqk.magtech.com.cn/hzkj_yxb/CN/article/downloadArticleFile.do?attachType=PDF&id=426
211,PDF,2022,13,http://tjqk.magtech.com.cn/hzkj_yxb/CN/volumn/volumn_13.shtml,http://tjqk.magtech.com.cn/hzkj_yxb/CN/article/downloadArticleFile.do?attachType=PDF&id=211
212,PDF,2022,13,http://tjqk.magtech.com.cn/hzkj_yxb/CN/volumn/volumn_13.shtml,http://tjqk.magtech.com.cn/hzkj_yxb/CN/article/downloadArticleFile.do?attachType=PDF&id=212
213,PDF,2022,13,http://tjqk.magtech.com.cn/hzkj_yxb/CN/volumn/volumn_13.shtml,http://tjqk.magtech.com.cn/hzkj_yxb/CN/article/downloadArticleFile.do?attachType=PDF&id=213
214,PDF,2022,13,http://tjqk.magtech.com.cn/hzkj_yxb/CN/volumn/volumn_13.shtml,http://tjqk.magtech.com.cn/hzkj_yxb/CN/article/downloadArticleFile.do?attachType=PDF&id=214
215,PDF,2022,13,http://tjqk.magtech.com.cn/hzkj_yxb/CN/volumn/volumn_13.shtml,http://tjqk.magtech.com.cn/hzkj_yxb/CN/article/downloadArticleFile.do?attachType=PDF&id=215
216,PDF,2022,13,http://tjqk.magtech.com.cn/hzkj_yxb/CN/volumn/volumn_13.shtml,http://tjqk.magtech.com.cn/hzkj_yxb/CN/article/downloadArticleFile.do?attachType=PDF&id=216
217,PDF,2022,13,http://tjqk.magtech.com.cn/hzkj_yxb/CN/volumn/volumn_13.shtml,http://tjqk.magtech.com.cn/hzkj_yxb/CN/article/downloadArticleFile.do?attachType=PDF&id=217
218,PDF,2022,13,http://tjqk.magtech.com.cn/hzkj_yxb/CN/volumn/volumn_13.shtml,http://tjqk.magtech.com.cn/hzkj_yxb/CN/article/downloadArticleFile.do?attachType=PDF&id=218
219,PDF,2022,13,http://tjqk.magtech.com.cn/hzkj_yxb/CN/volumn/volumn_13.shtml,http://tjqk.magtech.com.cn/hzkj_yxb/CN/article/downloadArticleFile.do?attachType=PDF&id=219
220,PDF,2022,13,http://tjqk.magtech.com.cn/hzkj_yxb/CN/volumn/volumn_13.shtml,http://tjqk.magtech.com.cn/hzkj_yxb/CN/article/downloadArticleFile.do?attachType=PDF&id=220
221,PDF,2022,13,http://tjqk.magtech.com.cn/hzkj_yxb/CN/volumn/volumn_13.shtml,http://tjqk.magtech.com.cn/hzkj_yxb/CN/article/downloadArticleFile.do?attachType=PDF&id=221
222,PDF,2022,13,http://tjqk.magtech.com.cn/hzkj_yxb/CN/volumn/volumn_13.shtml,http://tjqk.magtech.com.cn/hzkj_yxb/CN/article/downloadArticleFile.do?attachType=PDF&id=222
223,PDF,2022,13,http://tjqk.magtech.com.cn/hzkj_yxb/CN/volumn/volumn_13.shtml,http://tjqk.magtech.com.cn/hzkj_yxb/CN/article/downloadArticleFile.do?attachType=PDF&id=223
224,PDF,2022,13,http://tjqk.magtech.com.cn/hzkj_yxb/CN/volumn/volumn_13.shtml,http://tjqk.magtech.com.cn/hzkj_yxb/CN/article/downloadArticleFile.do?attachType=PDF&id=224
225,PDF,2022,13,http://tjqk.magtech.com.cn/hzkj_yxb/CN/volumn/volumn_13.shtml,http://tjqk.magtech.com.cn/hzkj_yxb/CN/article/downloadArticleFile.do?attachType=PDF&id=225
226,PDF,2022,13,http://tjqk.magtech.com.cn/hzkj_yxb/CN/volumn/volumn_13.shtml,http://tjqk.magtech.com.cn/hzkj_yxb/CN/article/downloadArticleFile.do?attachType=PDF&id=226
227,PDF,2022,13,http://tjqk.magtech.com.cn/hzkj_yxb/CN/volumn/volumn_13.shtml,http://tjqk.magtech.com.cn/hzkj_yxb/CN/article/downloadArticleFile.do?attachType=PDF&id=227
228,PDF,2022,13,http://tjqk.magtech.com.cn/hzkj_yxb/CN/volumn/volumn_13.shtml,http://tjqk.magtech.com.cn/hzkj_yxb/CN/article/downloadArticleFile.do?attachType=PDF&id=228
229,PDF,2022,13,http://tjqk.magtech.com.cn/hzkj_yxb/CN/volumn/volumn_13.shtml,http://tjqk.magtech.com.cn/hzkj_yxb/CN/article/downloadArticleFile.do?attachType=PDF&id=229
230,PDF,2022,13,http://tjqk.magtech.com.cn/hzkj_yxb/CN/volumn/volumn_13.shtml,http://tjqk.magtech.com.cn/hzkj_yxb/CN/article/downloadArticleFile.do?attachType=PDF&id=230
231,PDF,2022,13,http://tjqk.magtech.com.cn/hzkj_yxb/CN/volumn/volumn_13.shtml,http://tjqk.magtech.com.cn/hzkj_yxb/CN/article/downloadArticleFile.do?attachType=PDF&id=231
232,PDF,2022,13,http://tjqk.magtech.com.cn/hzkj_yxb/CN/volumn/volumn_13.shtml,http://tjqk.magtech.com.cn/hzkj_yxb/CN/article/downloadArticleFile.do?attachType=PDF&id=232
233,PDF,2022,13,http://tjqk.magtech.com.cn/hzkj_yxb/CN/volumn/volumn_13.shtml,http://tjqk.magtech.com.cn/hzkj_yxb/CN/article/downloadArticleFile.do?attachType=PDF&id=233
234,PDF,2022,13,http://tjqk.magtech.com.cn/hzkj_yxb/CN/volumn/volumn_13.shtml,http://tjqk.magtech.com.cn/hzkj_yxb/CN/article/downloadArticleFile.do?attachType=PDF&id=234
540,PDF,2024,31,http://tjqk.magtech.com.cn/hzkj_yxb/CN/volumn/volumn_31.shtml,http://tjqk.magtech.com.cn/hzkj_yxb/CN/article/downloadArticleFile.do?attachType=PDF&id=540
541,PDF,2024,31,http://tjqk.magtech.com.cn/hzkj_yxb/CN/volumn/volumn_31.shtml,http://tjqk.magtech.com.cn/hzkj_yxb/CN/article/downloadArticleFile.do?attachType=PDF&id=541
542,PDF,2024,31,http://tjqk.magtech.com.cn/hzkj_yxb/CN/volumn/volumn_31.shtml,http://tjqk.magtech.com.cn/hzkj_yxb/CN/article/downloadArticleFile.do?attachType=PDF&id=542
543,PDF,2024,31,http://tjqk.magtech.com.cn/hzkj_yxb/CN/volumn/volumn_31.shtml,http://tjqk.magtech.com.cn/hzkj_yxb/CN/article/downloadArticleFile.do?attachType=PDF&id=543
544,PDF,2024,31,http://tjqk.magtech.com.cn/hzkj_yxb/CN/volumn/volumn_31.shtml,http://tjqk.magtech.com.cn/hzkj_yxb/CN/article/downloadArticleFile.do?attachType=PDF&id=544
545,PDF,2024,31,http://tjqk.magtech.com.cn/hzkj_yxb/CN/volumn/volumn_31.shtml,http://tjqk.magtech.com.cn/hzkj_yxb/CN/article/downloadArticleFile.do?attachType=PDF&id=545
546,PDF,2024,31,http://tjqk.magtech.com.cn/hzkj_yxb/CN/volumn/volumn_31.shtml,http://tjqk.magtech.com.cn/hzkj_yxb/CN/article/downloadArticleFile.do?attachType=PDF&id=546
547,PDF,2024,31,http://tjqk.magtech.com.cn/hzkj_yxb/CN/volumn/volumn_31.shtml,http://tjqk.magtech.com.cn/hzkj_yxb/CN/article/downloadArticleFile.do?attachType=PDF&id=547
548,PDF,2024,31,http://tjqk.magtech.com.cn/hzkj_yxb/CN/volumn/volumn_31.shtml,http://tjqk.magtech.com.cn/hzkj_yxb/CN/article/downloadArticleFile.do?attachType=PDF&id=548
549,PDF,2024,31,http://tjqk.magtech.com.cn/hzkj_yxb/CN/volumn/volumn_31.shtml,http://tjqk.magtech.com.cn/hzkj_yxb/CN/article/downloadArticleFile.do?attachType=PDF&id=549
550,PDF,2024,31,http://tjqk.magtech.com.cn/hzkj_yxb/CN/volumn/volumn_31.shtml,http://tjqk.magtech.com.cn/hzkj_yxb/CN/article/downloadArticleFile.do?attachType=PDF&id=550
551,PDF,2024,31,http://tjqk.magtech.com.cn/hzkj_yxb/CN/volumn/volumn_31.shtml,http://tjqk.magtech.com.cn/hzkj_yxb/CN/article/downloadArticleFile.do?attachType=PDF&id=551
552,PDF,2024,31,http://tjqk.magtech.com.cn/hzkj_yxb/CN/volumn/volumn_31.shtml,http://tjqk.magtech.com.cn/hzkj_yxb/CN/article/downloadArticleFile.do?attachType=PDF&id=552
553,PDF,2024,31,http://tjqk.magtech.com.cn/hzkj_yxb/CN/volumn/volumn_31.shtml,http://tjqk.magtech.com.cn/hzkj_yxb/CN/article/downloadArticleFile.do?attachType=PDF&id=553
554,PDF,2024,31,http://tjqk.magtech.com.cn/hzkj_yxb/CN/volumn/volumn_31.shtml,http://tjqk.magtech.com.cn/hzkj_yxb/CN/article/downloadArticleFile.do?attachType=PDF&id=554
555,PDF,2024,31,http://tjqk.magtech.com.cn/hzkj_yxb/CN/volumn/volumn_31.shtml,http://tjqk.magtech.com.cn/hzkj_yxb/CN/article/downloadArticleFile.do?attachType=PDF&id=555
556,PDF,2024,31,http://tjqk.magtech.com.cn/hzkj_yxb/CN/volumn/volumn_31.shtml,http://tjqk.magtech.com.cn/hzkj_yxb/CN/article/downloadArticleFile.do?attachType=PDF&id=556
557,PDF,2024,31,http://tjqk.magtech.com.cn/hzkj_yxb/CN/volumn/volumn_31.shtml,http://tjqk.magtech.com.cn/hzkj_yxb/CN/article/downloadArticleFile.do?attachType=PDF&id=557
558,PDF,2024,31,http://tjqk.magtech.com.cn/hzkj_yxb/CN/volumn/volumn_31.shtml,http://tjqk.magtech.com.cn/hzkj_yxb/CN/article/downloadArticleFile.do?attachType=PDF&id=558
559,PDF,2024,31,http://tjqk.magtech.com.cn/hzkj_yxb/CN/volumn/volumn_31.shtml,http://tjqk.magtech.com.cn/hzkj_yxb/CN/article/downloadArticleFile.do?attachType=PDF&id=559
560,PDF,2024,31,http://tjqk.magtech.com.cn/hzkj_yxb/CN/volumn/volumn_31.shtml,http://tjqk.magtech.com.cn/hzkj_yxb/CN/article/downloadArticleFile.do?attachType=PDF&id=560
561,PDF,2024,31,http://tjqk.magtech.com.cn/hzkj_yxb/CN/volumn/volumn_31.shtml,http://tjqk.magtech.com.cn/hzkj_yxb/CN/article/downloadArticleFile.do?attachType=PDF&id=561
562,PDF,2024,31,http://tjqk.magtech.com.cn/hzkj_yxb/CN/volumn/volumn_31.shtml,http://tjqk.magtech.com.cn/hzkj_yxb/CN/article/downloadArticleFile.do?attachType=PDF&id=562
897,PDF,2025,50,http://tjqk.magtech.com.cn/hzkj_yxb/CN/volumn/volumn_50.shtml,http://tjqk.magtech.com.cn/hzkj_yxb/CN/article/downloadArticleFile.do?attachType=PDF&id=897
898,PDF,2025,50,http://tjqk.magtech.com.cn/hzkj_yxb/CN/volumn/volumn_50.shtml,http://tjqk.magtech.com.cn/hzkj_yxb/CN/article/downloadArticleFile.do?attachType=PDF&id=898
899,PDF,2025,50,http://tjqk.magtech.com.cn/hzkj_yxb/CN/volumn/volumn_50.shtml,http://tjqk.magtech.com.cn/hzkj_yxb/CN/article/downloadArticleFile.do?attachType=PDF&id=899
900,PDF,2025,50,http://tjqk.magtech.com.cn/hzkj_yxb/CN/volumn/volumn_50.shtml,http://tjqk.magtech.com.cn/hzkj_yxb/CN/article/downloadArticleFile.do?attachType=PDF&id=900
901,PDF,2025,50,http://tjqk.magtech.com.cn/hzkj_yxb/CN/volumn/volumn_50.shtml,http://tjqk.magtech.com.cn/hzkj_yxb/CN/article/downloadArticleFile.do?attachType=PDF&id=901
902,PDF,2025,50,http://tjqk.magtech.com.cn/hzkj_yxb/CN/volumn/volumn_50.shtml,http://tjqk.magtech.com.cn/hzkj_yxb/CN/article/downloadArticleFile.do?attachType=PDF&id=902
903,PDF,2025,50,http://tjqk.magtech.com.cn/hzkj_yxb/CN/volumn/volumn_50.shtml,http://tjqk.magtech.com.cn/hzkj_yxb/CN/article/downloadArticleFile.do?attachType=PDF&id=903
904,PDF,2025,50,http://tjqk.magtech.com.cn/hzkj_yxb/CN/volumn/volumn_50.shtml,http://tjqk.magtech.com.cn/hzkj_yxb/CN/article/downloadArticleFile.do?attachType=PDF&id=904
905,PDF,2025,50,http://tjqk.magtech.com.cn/hzkj_yxb/CN/volumn/volumn_50.shtml,http://tjqk.magtech.com.cn/hzkj_yxb/CN/article/downloadArticleFile.do?attachType=PDF&id=905
906,PDF,2025,50,http://tjqk.magtech.com.cn/hzkj_yxb/CN/volumn/volumn_50.shtml,http://tjqk.magtech.com.cn/hzkj_yxb/CN/article/downloadArticleFile.do?attachType=PDF&id=906
907,PDF,2025,50,http://tjqk.magtech.com.cn/hzkj_yxb/CN/volumn/volumn_50.shtml,http://tjqk.magtech.com.cn/hzkj_yxb/CN/article/downloadArticleFile.do?attachType=PDF&id=907
908,PDF,2025,50,http://tjqk.magtech.com.cn/hzkj_yxb/CN/volumn/volumn_50.shtml,http://tjqk.magtech.com.cn/hzkj_yxb/CN/article/downloadArticleFile.do?attachType=PDF&id=908
909,PDF,2025,50,http://tjqk.magtech.com.cn/hzkj_yxb/CN/volumn/volumn_50.shtml,http://tjqk.magtech.com.cn/hzkj_yxb/CN/article/downloadArticleFile.do?attachType=PDF&id=909
910,PDF,2025,50,http://tjqk.magtech.com.cn/hzkj_yxb/CN/volumn/volumn_50.shtml,http://tjqk.magtech.com.cn/hzkj_yxb/CN/article/downloadArticleFile.do?attachType=PDF&id=910
911,PDF,2025,50,http://tjqk.magtech.com.cn/hzkj_yxb/CN/volumn/volumn_50.shtml,http://tjqk.magtech.com.cn/hzkj_yxb/CN/article/downloadArticleFile.do?attachType=PDF&id=911
912,PDF,2025,50,http://tjqk.magtech.com.cn/hzkj_yxb/CN/volumn/volumn_50.shtml,http://tjqk.magtech.com.cn/hzkj_yxb/CN/article/downloadArticleFile.do?attachType=PDF&id=912
913,PDF,2025,50,http://tjqk.magtech.com.cn/hzkj_yxb/CN/volumn/volumn_50.shtml,http://tjqk.magtech.com.cn/hzkj_yxb/CN/article/downloadArticleFile.do?attachType=PDF&id=913
914,PDF,2025,50,http://tjqk.magtech.com.cn/hzkj_yxb/CN/volumn/volumn_50.shtml,http://tjqk.magtech.com.cn/hzkj_yxb/CN/article/downloadArticleFile.do?attachType=PDF&id=914
915,PDF,2025,50,http://tjqk.magtech.com.cn/hzkj_yxb/CN/volumn/volumn_50.shtml,http://tjqk.magtech.com.cn/hzkj_yxb/CN/article/downloadArticleFile.do?attachType=PDF&id=915
916,PDF,2025,50,http://tjqk.magtech.com.cn/hzkj_yxb/CN/volumn/volumn_50.shtml,http://tjqk.magtech.com.cn/hzkj_yxb/CN/article/downloadArticleFile.do?attachType=PDF&id=916
917,PDF,2025,50,http://tjqk.magtech.com.cn/hzkj_yxb/CN/volumn/volumn_50.shtml,http://tjqk.magtech.com.cn/hzkj_yxb/CN/article/downloadArticleFile.do?attachType=PDF&id=917
918,PDF,2025,50,http://tjqk.magtech.com.cn/hzkj_yxb/CN/volumn/volumn_50.shtml,http://tjqk.magtech.com.cn/hzkj_yxb/CN/article/downloadArticleFile.do?attachType=PDF&id=918
235,PDF,2022,14,http://tjqk.magtech.com.cn/hzkj_yxb/CN/volumn/volumn_14.shtml,http://tjqk.magtech.com.cn/hzkj_yxb/CN/article/downloadArticleFile.do?attachType=PDF&id=235
236,PDF,2022,14,http://tjqk.magtech.com.cn/hzkj_yxb/CN/volumn/volumn_14.shtml,http://tjqk.magtech.com.cn/hzkj_yxb/CN/article/downloadArticleFile.do?attachType=PDF&id=236
237,PDF,2022,14,http://tjqk.magtech.com.cn/hzkj_yxb/CN/volumn/volumn_14.shtml,http://tjqk.magtech.com.cn/hzkj_yxb/CN/article/downloadArticleFile.do?attachType=PDF&id=237
238,PDF,2022,14,http://tjqk.magtech.com.cn/hzkj_yxb/CN/volumn/volumn_14.shtml,http://tjqk.magtech.com.cn/hzkj_yxb/CN/article/downloadArticleFile.do?attachType=PDF&id=238
239,PDF,2022,14,http://tjqk.magtech.com.cn/hzkj_yxb/CN/volumn/volumn_14.shtml,http://tjqk.magtech.com.cn/hzkj_yxb/CN/article/downloadArticleFile.do?attachType=PDF&id=239
240,PDF,2022,14,http://tjqk.magtech.com.cn/hzkj_yxb/CN/volumn/volumn_14.shtml,http://tjqk.magtech.com.cn/hzkj_yxb/CN/article/downloadArticleFile.do?attachType=PDF&id=240
241,PDF,2022,14,http://tjqk.magtech.com.cn/hzkj_yxb/CN/volumn/volumn_14.shtml,http://tjqk.magtech.com.cn/hzkj_yxb/CN/article/downloadArticleFile.do?attachType=PDF&id=241
242,PDF,2022,14,http://tjqk.magtech.com.cn/hzkj_yxb/CN/volumn/volumn_14.shtml,http://tjqk.magtech.com.cn/hzkj_yxb/CN/article/downloadArticleFile.do?attachType=PDF&id=242
243,PDF,2022,14,http://tjqk.magtech.com.cn/hzkj_yxb/CN/volumn/volumn_14.shtml,http://tjqk.magtech.com.cn/hzkj_yxb/CN/article/downloadArticleFile.do?attachType=PDF&id=243
244,PDF,2022,14,http://tjqk.magtech.com.cn/hzkj_yxb/CN/volumn/volumn_14.shtml,http://tjqk.magtech.com.cn/hzkj_yxb/CN/article/downloadArticleFile.do?attachType=PDF&id=244
245,PDF,2022,14,http://tjqk.magtech.com.cn/hzkj_yxb/CN/volumn/volumn_14.shtml,http://tjqk.magtech.com.cn/hzkj_yxb/CN/article/downloadArticleFile.do?attachType=PDF&id=245
246,PDF,2022,14,http://tjqk.magtech.com.cn/hzkj_yxb/CN/volumn/volumn_14.shtml,http://tjqk.magtech.com.cn/hzkj_yxb/CN/article/downloadArticleFile.do?attachType=PDF&id=246
247,PDF,2022,14,http://tjqk.magtech.com.cn/hzkj_yxb/CN/volumn/volumn_14.shtml,http://tjqk.magtech.com.cn/hzkj_yxb/CN/article/downloadArticleFile.do?attachType=PDF&id=247
248,PDF,2022,14,http://tjqk.magtech.com.cn/hzkj_yxb/CN/volumn/volumn_14.shtml,http://tjqk.magtech.com.cn/hzkj_yxb/CN/article/downloadArticleFile.do?attachType=PDF&id=248
249,PDF,2022,14,http://tjqk.magtech.com.cn/hzkj_yxb/CN/volumn/volumn_14.shtml,http://tjqk.magtech.com.cn/hzkj_yxb/CN/article/downloadArticleFile.do?attachType=PDF&id=249
250,PDF,2022,14,http://tjqk.magtech.com.cn/hzkj_yxb/CN/volumn/volumn_14.shtml,http://tjqk.magtech.com.cn/hzkj_yxb/CN/article/downloadArticleFile.do?attachType=PDF&id=250
251,PDF,2022,14,http://tjqk.magtech.com.cn/hzkj_yxb/CN/volumn/volumn_14.shtml,http://tjqk.magtech.com.cn/hzkj_yxb/CN/article/downloadArticleFile.do?attachType=PDF&id=251
252,PDF,2022,14,http://tjqk.magtech.com.cn/hzkj_yxb/CN/volumn/volumn_14.shtml,http://tjqk.magtech.com.cn/hzkj_yxb/CN/article/downloadArticleFile.do?attachType=PDF&id=252
253,PDF,2022,14,http://tjqk.magtech.com.cn/hzkj_yxb/CN/volumn/volumn_14.shtml,http://tjqk.magtech.com.cn/hzkj_yxb/CN/article/downloadArticleFile.do?attachType=PDF&id=253
254,PDF,2022,14,http://tjqk.magtech.com.cn/hzkj_yxb/CN/volumn/volumn_14.shtml,http://tjqk.magtech.com.cn/hzkj_yxb/CN/article/downloadArticleFile.do?attachType=PDF&id=254
255,PDF,2022,14,http://tjqk.magtech.com.cn/hzkj_yxb/CN/volumn/volumn_14.shtml,http://tjqk.magtech.com.cn/hzkj_yxb/CN/article/downloadArticleFile.do?attachType=PDF&id=255
256,PDF,2022,14,http://tjqk.magtech.com.cn/hzkj_yxb/CN/volumn/volumn_14.shtml,http://tjqk.magtech.com.cn/hzkj_yxb/CN/article/downloadArticleFile.do?attachType=PDF&id=256
257,PDF,2022,14,http://tjqk.magtech.com.cn/hzkj_yxb/CN/volumn/volumn_14.shtml,http://tjqk.magtech.com.cn/hzkj_yxb/CN/article/downloadArticleFile.do?attachType=PDF&id=257
258,PDF,2022,14,http://tjqk.magtech.com.cn/hzkj_yxb/CN/volumn/volumn_14.shtml,http://tjqk.magtech.com.cn/hzkj_yxb/CN/article/downloadArticleFile.do?attachType=PDF&id=258
287,PDF,2022,18,http://tjqk.magtech.com.cn/hzkj_yxb/CN/volumn/volumn_18.shtml,http://tjqk.magtech.com.cn/hzkj_yxb/CN/article/downloadArticleFile.do?attachType=PDF&id=287
288,PDF,2022,18,http://tjqk.magtech.com.cn/hzkj_yxb/CN/volumn/volumn_18.shtml,http://tjqk.magtech.com.cn/hzkj_yxb/CN/article/downloadArticleFile.do?attachType=PDF&id=288
289,PDF,2022,18,http://tjqk.magtech.com.cn/hzkj_yxb/CN/volumn/volumn_18.shtml,http://tjqk.magtech.com.cn/hzkj_yxb/CN/article/downloadArticleFile.do?attachType=PDF&id=289
290,PDF,2022,18,http://tjqk.magtech.com.cn/hzkj_yxb/CN/volumn/volumn_18.shtml,http://tjqk.magtech.com.cn/hzkj_yxb/CN/article/downloadArticleFile.do?attachType=PDF&id=290
291,PDF,2022,18,http://tjqk.magtech.com.cn/hzkj_yxb/CN/volumn/volumn_18.shtml,http://tjqk.magtech.com.cn/hzkj_yxb/CN/article/downloadArticleFile.do?attachType=PDF&id=291
292,PDF,2022,18,http://tjqk.magtech.com.cn/hzkj_yxb/CN/volumn/volumn_18.shtml,http://tjqk.magtech.com.cn/hzkj_yxb/CN/article/downloadArticleFile.do?attachType=PDF&id=292
293,PDF,2022,18,http://tjqk.magtech.com.cn/hzkj_yxb/CN/volumn/volumn_18.shtml,http://tjqk.magtech.com.cn/hzkj_yxb/CN/article/downloadArticleFile.do?attachType=PDF&id=293
294,PDF,2022,18,http://tjqk.magtech.com.cn/hzkj_yxb/CN/volumn/volumn_18.shtml,http://tjqk.magtech.com.cn/hzkj_yxb/CN/article/downloadArticleFile.do?attachType=PDF&id=294
295,PDF,2022,18,http://tjqk.magtech.com.cn/hzkj_yxb/CN/volumn/volumn_18.shtml,http://tjqk.magtech.com.cn/hzkj_yxb/CN/article/downloadArticleFile.do?attachType=PDF&id=295
296,PDF,2022,18,http://tjqk.magtech.com.cn/hzkj_yxb/CN/volumn/volumn_18.shtml,http://tjqk.magtech.com.cn/hzkj_yxb/CN/article/downloadArticleFile.do?attachType=PDF&id=296
297,PDF,2022,18,http://tjqk.magtech.com.cn/hzkj_yxb/CN/volumn/volumn_18.shtml,http://tjqk.magtech.com.cn/hzkj_yxb/CN/article/downloadArticleFile.do?attachType=PDF&id=297
298,PDF,2022,18,http://tjqk.magtech.com.cn/hzkj_yxb/CN/volumn/volumn_18.shtml,http://tjqk.magtech.com.cn/hzkj_yxb/CN/article/downloadArticleFile.do?attachType=PDF&id=298
299,PDF,2022,18,http://tjqk.magtech.com.cn/hzkj_yxb/CN/volumn/volumn_18.shtml,http://tjqk.magtech.com.cn/hzkj_yxb/CN/article/downloadArticleFile.do?attachType=PDF&id=299
300,PDF,2022,18,http://tjqk.magtech.com.cn/hzkj_yxb/CN/volumn/volumn_18.shtml,http://tjqk.magtech.com.cn/hzkj_yxb/CN/article/downloadArticleFile.do?attachType=PDF&id=300
301,PDF,2022,18,http://tjqk.magtech.com.cn/hzkj_yxb/CN/volumn/volumn_18.shtml,http://tjqk.magtech.com.cn/hzkj_yxb/CN/article/downloadArticleFile.do?attachType=PDF&id=301
302,PDF,2022,18,http://tjqk.magtech.com.cn/hzkj_yxb/CN/volumn/volumn_18.shtml,http://tjqk.magtech.com.cn/hzkj_yxb/CN/article/downloadArticleFile.do?attachType=PDF&id=302
303,PDF,2022,18,http://tjqk.magtech.com.cn/hzkj_yxb/CN/volumn/volumn_18.shtml,http://tjqk.magtech.com.cn/hzkj_yxb/CN/article/downloadArticleFile.do?attachType=PDF&id=303
304,PDF,2022,18,http://tjqk.magtech.com.cn/hzkj_yxb/CN/volumn/volumn_18.shtml,http://tjqk.magtech.com.cn/hzkj_yxb/CN/article/downloadArticleFile.do?attachType=PDF&id=304
305,PDF,2022,18,http://tjqk.magtech.com.cn/hzkj_yxb/CN/volumn/volumn_18.shtml,http://tjqk.magtech.com.cn/hzkj_yxb/CN/article/downloadArticleFile.do?attachType=PDF&id=305
306,PDF,2022,18,http://tjqk.magtech.com.cn/hzkj_yxb/CN/volumn/volumn_18.shtml,http://tjqk.magtech.com.cn/hzkj_yxb/CN/article/downloadArticleFile.do?attachType=PDF&id=306
307,PDF,2022,18,http://tjqk.magtech.com.cn/hzkj_yxb/CN/volumn/volumn_18.shtml,http://tjqk.magtech.com.cn/hzkj_yxb/CN/article/downloadArticleFile.do?attachType=PDF&id=307
308,PDF,2022,18,http://tjqk.magtech.com.cn/hzkj_yxb/CN/volumn/volumn_18.shtml,http://tjqk.magtech.com.cn/hzkj_yxb/CN/article/downloadArticleFile.do?attachType=PDF&id=308
309,PDF,2022,18,http://tjqk.magtech.com.cn/hzkj_yxb/CN/volumn/volumn_18.shtml,http://tjqk.magtech.com.cn/hzkj_yxb/CN/article/downloadArticleFile.do?attachType=PDF&id=309
310,PDF,2022,18,http://tjqk.magtech.com.cn/hzkj_yxb/CN/volumn/volumn_18.shtml,http://tjqk.magtech.com.cn/hzkj_yxb/CN/article/downloadArticleFile.do?attachType=PDF&id=310
744,PDF,2024,42,http://tjqk.magtech.com.cn/hzkj_yxb/CN/volumn/volumn_42.shtml,http://tjqk.magtech.com.cn/hzkj_yxb/CN/article/downloadArticleFile.do?attachType=PDF&id=744
745,PDF,2024,42,http://tjqk.magtech.com.cn/hzkj_yxb/CN/volumn/volumn_42.shtml,http://tjqk.magtech.com.cn/hzkj_yxb/CN/article/downloadArticleFile.do?attachType=PDF&id=745
746,PDF,2024,42,http://tjqk.magtech.com.cn/hzkj_yxb/CN/volumn/volumn_42.shtml,http://tjqk.magtech.com.cn/hzkj_yxb/CN/article/downloadArticleFile.do?attachType=PDF&id=746
747,PDF,2024,42,http://tjqk.magtech.com.cn/hzkj_yxb/CN/volumn/volumn_42.shtml,http://tjqk.magtech.com.cn/hzkj_yxb/CN/article/downloadArticleFile.do?attachType=PDF&id=747
748,PDF,2024,42,http://tjqk.magtech.com.cn/hzkj_yxb/CN/volumn/volumn_42.shtml,http://tjqk.magtech.com.cn/hzkj_yxb/CN/article/downloadArticleFile.do?attachType=PDF&id=748
749,PDF,2024,42,http://tjqk.magtech.com.cn/hzkj_yxb/CN/volumn/volumn_42.shtml,http://tjqk.magtech.com.cn/hzkj_yxb/CN/article/downloadArticleFile.do?attachType=PDF&id=749
750,PDF,2024,42,http://tjqk.magtech.com.cn/hzkj_yxb/CN/volumn/volumn_42.shtml,http://tjqk.magtech.com.cn/hzkj_yxb/CN/article/downloadArticleFile.do?attachType=PDF&id=750
752,PDF,2024,42,http://tjqk.magtech.com.cn/hzkj_yxb/CN/volumn/volumn_42.shtml,http://tjqk.magtech.com.cn/hzkj_yxb/CN/article/downloadArticleFile.do?attachType=PDF&id=752
753,PDF,2024,42,http://tjqk.magtech.com.cn/hzkj_yxb/CN/volumn/volumn_42.shtml,http://tjqk.magtech.com.cn/hzkj_yxb/CN/article/downloadArticleFile.do?attachType=PDF&id=753
754,PDF,2024,42,http://tjqk.magtech.com.cn/hzkj_yxb/CN/volumn/volumn_42.shtml,http://tjqk.magtech.com.cn/hzkj_yxb/CN/article/downloadArticleFile.do?attachType=PDF&id=754
755,PDF,2024,42,http://tjqk.magtech.com.cn/hzkj_yxb/CN/volumn/volumn_42.shtml,http://tjqk.magtech.com.cn/hzkj_yxb/CN/article/downloadArticleFile.do?attachType=PDF&id=755
756,PDF,2024,42,http://tjqk.magtech.com.cn/hzkj_yxb/CN/volumn/volumn_42.shtml,http://tjqk.magtech.com.cn/hzkj_yxb/CN/article/downloadArticleFile.do?attachType=PDF&id=756
757,PDF,2024,42,http://tjqk.magtech.com.cn/hzkj_yxb/CN/volumn/volumn_42.shtml,http://tjqk.magtech.com.cn/hzkj_yxb/CN/article/downloadArticleFile.do?attachType=PDF&id=757
758,PDF,2024,42,http://tjqk.magtech.com.cn/hzkj_yxb/CN/volumn/volumn_42.shtml,http://tjqk.magtech.com.cn/hzkj_yxb/CN/article/downloadArticleFile.do?attachType=PDF&id=758
759,PDF,2024,42,http://tjqk.magtech.com.cn/hzkj_yxb/CN/volumn/volumn_42.shtml,http://tjqk.magtech.com.cn/hzkj_yxb/CN/article/downloadArticleFile.do?attachType=PDF&id=759
760,PDF,2024,42,http://tjqk.magtech.com.cn/hzkj_yxb/CN/volumn/volumn_42.shtml,http://tjqk.magtech.com.cn/hzkj_yxb/CN/article/downloadArticleFile.do?attachType=PDF&id=760
761,PDF,2024,42,http://tjqk.magtech.com.cn/hzkj_yxb/CN/volumn/volumn_42.shtml,http://tjqk.magtech.com.cn/hzkj_yxb/CN/article/downloadArticleFile.do?attachType=PDF&id=761
762,PDF,2024,42,http://tjqk.magtech.com.cn/hzkj_yxb/CN/volumn/volumn_42.shtml,http://tjqk.magtech.com.cn/hzkj_yxb/CN/article/downloadArticleFile.do?attachType=PDF&id=762
763,PDF,2024,42,http://tjqk.magtech.com.cn/hzkj_yxb/CN/volumn/volumn_42.shtml,http://tjqk.magtech.com.cn/hzkj_yxb/CN/article/downloadArticleFile.do?attachType=PDF&id=763
764,PDF,2024,42,http://tjqk.magtech.com.cn/hzkj_yxb/CN/volumn/volumn_42.shtml,http://tjqk.magtech.com.cn/hzkj_yxb/CN/article/downloadArticleFile.do?attachType=PDF&id=764
765,PDF,2024,42,http://tjqk.magtech.com.cn/hzkj_yxb/CN/volumn/volumn_42.shtml,http://tjqk.magtech.com.cn/hzkj_yxb/CN/article/downloadArticleFile.do?attachType=PDF&id=765
766,PDF,2024,42,http://tjqk.magtech.com.cn/hzkj_yxb/CN/volumn/volumn_42.shtml,http://tjqk.magtech.com.cn/hzkj_yxb/CN/article/downloadArticleFile.do?attachType=PDF&id=766
652,PDF,2024,37,http://tjqk.magtech.com.cn/hzkj_yxb/CN/volumn/volumn_37.shtml,http://tjqk.magtech.com.cn/hzkj_yxb/CN/article/downloadArticleFile.do?attachType=PDF&id=652
653,PDF,2024,37,http://tjqk.magtech.com.cn/hzkj_yxb/CN/volumn/volumn_37.shtml,http://tjqk.magtech.com.cn/hzkj_yxb/CN/article/downloadArticleFile.do?attachType=PDF&id=653
654,PDF,2024,37,http://tjqk.magtech.com.cn/hzkj_yxb/CN/volumn/volumn_37.shtml,http://tjqk.magtech.com.cn/hzkj_yxb/CN/article/downloadArticleFile.do?attachType=PDF&id=654
655,PDF,2024,37,http://tjqk.magtech.com.cn/hzkj_yxb/CN/volumn/volumn_37.shtml,http://tjqk.magtech.com.cn/hzkj_yxb/CN/article/downloadArticleFile.do?attachType=PDF&id=655
656,PDF,2024,37,http://tjqk.magtech.com.cn/hzkj_yxb/CN/volumn/volumn_37.shtml,http://tjqk.magtech.com.cn/hzkj_yxb/CN/article/downloadArticleFile.do?attachType=PDF&id=656
657,PDF,2024,37,http://tjqk.magtech.com.cn/hzkj_yxb/CN/volumn/volumn_37.shtml,http://tjqk.magtech.com.cn/hzkj_yxb/CN/article/downloadArticleFile.do?attachType=PDF&id=657
658,PDF,2024,37,http://tjqk.magtech.com.cn/hzkj_yxb/CN/volumn/volumn_37.shtml,http://tjqk.magtech.com.cn/hzkj_yxb/CN/article/downloadArticleFile.do?attachType=PDF&id=658
659,PDF,2024,37,http://tjqk.magtech.com.cn/hzkj_yxb/CN/volumn/volumn_37.shtml,http://tjqk.magtech.com.cn/hzkj_yxb/CN/article/downloadArticleFile.do?attachType=PDF&id=659
660,PDF,2024,37,http://tjqk.magtech.com.cn/hzkj_yxb/CN/volumn/volumn_37.shtml,http://tjqk.magtech.com.cn/hzkj_yxb/CN/article/downloadArticleFile.do?attachType=PDF&id=660
661,PDF,2024,37,http://tjqk.magtech.com.cn/hzkj_yxb/CN/volumn/volumn_37.shtml,http://tjqk.magtech.com.cn/hzkj_yxb/CN/article/downloadArticleFile.do?attachType=PDF&id=661
662,PDF,2024,37,http://tjqk.magtech.com.cn/hzkj_yxb/CN/volumn/volumn_37.shtml,http://tjqk.magtech.com.cn/hzkj_yxb/CN/article/downloadArticleFile.do?attachType=PDF&id=662
663,PDF,2024,37,http://tjqk.magtech.com.cn/hzkj_yxb/CN/volumn/volumn_37.shtml,http://tjqk.magtech.com.cn/hzkj_yxb/CN/article/downloadArticleFile.do?attachType=PDF&id=663
664,PDF,2024,37,http://tjqk.magtech.com.cn/hzkj_yxb/CN/volumn/volumn_37.shtml,http://tjqk.magtech.com.cn/hzkj_yxb/CN/article/downloadArticleFile.do?attachType=PDF&id=664
665,PDF,2024,37,http://tjqk.magtech.com.cn/hzkj_yxb/CN/volumn/volumn_37.shtml,http://tjqk.magtech.com.cn/hzkj_yxb/CN/article/downloadArticleFile.do?attachType=PDF&id=665
666,PDF,2024,37,http://tjqk.magtech.com.cn/hzkj_yxb/CN/volumn/volumn_37.shtml,http://tjqk.magtech.com.cn/hzkj_yxb/CN/article/downloadArticleFile.do?attachType=PDF&id=666
667,PDF,2024,37,http://tjqk.magtech.com.cn/hzkj_yxb/CN/volumn/volumn_37.shtml,http://tjqk.magtech.com.cn/hzkj_yxb/CN/article/downloadArticleFile.do?attachType=PDF&id=667
668,PDF,2024,37,http://tjqk.magtech.com.cn/hzkj_yxb/CN/volumn/volumn_37.shtml,http://tjqk.magtech.com.cn/hzkj_yxb/CN/article/downloadArticleFile.do?attachType=PDF&id=668
669,PDF,2024,37,http://tjqk.magtech.com.cn/hzkj_yxb/CN/volumn/volumn_37.shtml,http://tjqk.magtech.com.cn/hzkj_yxb/CN/article/downloadArticleFile.do?attachType=PDF&id=669
670,PDF,2024,37,http://tjqk.magtech.com.cn/hzkj_yxb/CN/volumn/volumn_37.shtml,http://tjqk.magtech.com.cn/hzkj_yxb/CN/article/downloadArticleFile.do?attachType=PDF&id=670
671,PDF,2024,37,http://tjqk.magtech.com.cn/hzkj_yxb/CN/volumn/volumn_37.shtml,http://tjqk.magtech.com.cn/hzkj_yxb/CN/article/downloadArticleFile.do?attachType=PDF&id=671
672,PDF,2024,37,http://tjqk.magtech.com.cn/hzkj_yxb/CN/volumn/volumn_37.shtml,http://tjqk.magtech.com.cn/hzkj_yxb/CN/article/downloadArticleFile.do?attachType=PDF&id=672
673,PDF,2024,37,http://tjqk.magtech.com.cn/hzkj_yxb/CN/volumn/volumn_37.shtml,http://tjqk.magtech.com.cn/hzkj_yxb/CN/article/downloadArticleFile.do?attachType=PDF&id=673
311,PDF,2023,19,http://tjqk.magtech.com.cn/hzkj_yxb/CN/volumn/volumn_19.shtml,http://tjqk.magtech.com.cn/hzkj_yxb/CN/article/downloadArticleFile.do?attachType=PDF&id=311
312,PDF,2023,19,http://tjqk.magtech.com.cn/hzkj_yxb/CN/volumn/volumn_19.shtml,http://tjqk.magtech.com.cn/hzkj_yxb/CN/article/downloadArticleFile.do?attachType=PDF&id=312
313,PDF,2023,19,http://tjqk.magtech.com.cn/hzkj_yxb/CN/volumn/volumn_19.shtml,http://tjqk.magtech.com.cn/hzkj_yxb/CN/article/downloadArticleFile.do?attachType=PDF&id=313
314,PDF,2023,19,http://tjqk.magtech.com.cn/hzkj_yxb/CN/volumn/volumn_19.shtml,http://tjqk.magtech.com.cn/hzkj_yxb/CN/article/downloadArticleFile.do?attachType=PDF&id=314
315,PDF,2023,19,http://tjqk.magtech.com.cn/hzkj_yxb/CN/volumn/volumn_19.shtml,http://tjqk.magtech.com.cn/hzkj_yxb/CN/article/downloadArticleFile.do?attachType=PDF&id=315
316,PDF,2023,19,http://tjqk.magtech.com.cn/hzkj_yxb/CN/volumn/volumn_19.shtml,http://tjqk.magtech.com.cn/hzkj_yxb/CN/article/downloadArticleFile.do?attachType=PDF&id=316
317,PDF,2023,19,http://tjqk.magtech.com.cn/hzkj_yxb/CN/volumn/volumn_19.shtml,http://tjqk.magtech.com.cn/hzkj_yxb/CN/article/downloadArticleFile.do?attachType=PDF&id=317
318,PDF,2023,19,http://tjqk.magtech.com.cn/hzkj_yxb/CN/volumn/volumn_19.shtml,http://tjqk.magtech.com.cn/hzkj_yxb/CN/article/downloadArticleFile.do?attachType=PDF&id=318
319,PDF,2023,19,http://tjqk.magtech.com.cn/hzkj_yxb/CN/volumn/volumn_19.shtml,http://tjqk.magtech.com.cn/hzkj_yxb/CN/article/downloadArticleFile.do?attachType=PDF&id=319
320,PDF,2023,19,http://tjqk.magtech.com.cn/hzkj_yxb/CN/volumn/volumn_19.shtml,http://tjqk.magtech.com.cn/hzkj_yxb/CN/article/downloadArticleFile.do?attachType=PDF&id=320
321,PDF,2023,19,http://tjqk.magtech.com.cn/hzkj_yxb/CN/volumn/volumn_19.shtml,http://tjqk.magtech.com.cn/hzkj_yxb/CN/article/downloadArticleFile.do?attachType=PDF&id=321
322,PDF,2023,19,http://tjqk.magtech.com.cn/hzkj_yxb/CN/volumn/volumn_19.shtml,http://tjqk.magtech.com.cn/hzkj_yxb/CN/article/downloadArticleFile.do?attachType=PDF&id=322
323,PDF,2023,19,http://tjqk.magtech.com.cn/hzkj_yxb/CN/volumn/volumn_19.shtml,http://tjqk.magtech.com.cn/hzkj_yxb/CN/article/downloadArticleFile.do?attachType=PDF&id=323
324,PDF,2023,19,http://tjqk.magtech.com.cn/hzkj_yxb/CN/volumn/volumn_19.shtml,http://tjqk.magtech.com.cn/hzkj_yxb/CN/article/downloadArticleFile.do?attachType=PDF&id=324
325,PDF,2023,19,http://tjqk.magtech.com.cn/hzkj_yxb/CN/volumn/volumn_19.shtml,http://tjqk.magtech.com.cn/hzkj_yxb/CN/article/downloadArticleFile.do?attachType=PDF&id=325
326,PDF,2023,19,http://tjqk.magtech.com.cn/hzkj_yxb/CN/volumn/volumn_19.shtml,http://tjqk.magtech.com.cn/hzkj_yxb/CN/article/downloadArticleFile.do?attachType=PDF&id=326
327,PDF,2023,19,http://tjqk.magtech.com.cn/hzkj_yxb/CN/volumn/volumn_19.shtml,http://tjqk.magtech.com.cn/hzkj_yxb/CN/article/downloadArticleFile.do?attachType=PDF&id=327
328,PDF,2023,19,http://tjqk.magtech.com.cn/hzkj_yxb/CN/volumn/volumn_19.shtml,http://tjqk.magtech.com.cn/hzkj_yxb/CN/article/downloadArticleFile.do?attachType=PDF&id=328
329,PDF,2023,19,http://tjqk.magtech.com.cn/hzkj_yxb/CN/volumn/volumn_19.shtml,http://tjqk.magtech.com.cn/hzkj_yxb/CN/article/downloadArticleFile.do?attachType=PDF&id=329
330,PDF,2023,19,http://tjqk.magtech.com.cn/hzkj_yxb/CN/volumn/volumn_19.shtml,http://tjqk.magtech.com.cn/hzkj_yxb/CN/article/downloadArticleFile.do?attachType=PDF&id=330
331,PDF,2023,19,http://tjqk.magtech.com.cn/hzkj_yxb/CN/volumn/volumn_19.shtml,http://tjqk.magtech.com.cn/hzkj_yxb/CN/article/downloadArticleFile.do?attachType=PDF&id=331
332,PDF,2023,19,http://tjqk.magtech.com.cn/hzkj_yxb/CN/volumn/volumn_19.shtml,http://tjqk.magtech.com.cn/hzkj_yxb/CN/article/downloadArticleFile.do?attachType=PDF&id=332
333,PDF,2023,19,http://tjqk.magtech.com.cn/hzkj_yxb/CN/volumn/volumn_19.shtml,http://tjqk.magtech.com.cn/hzkj_yxb/CN/article/downloadArticleFile.do?attachType=PDF&id=333
334,PDF,2023,19,http://tjqk.magtech.com.cn/hzkj_yxb/CN/volumn/volumn_19.shtml,http://tjqk.magtech.com.cn/hzkj_yxb/CN/article/downloadArticleFile.do?attachType=PDF&id=334
